transaction_id,customer_id,product_id,quantity,sale_amount,transaction_date,sentiment_score
1,18,17,2,1042.0,2025-01-10,0.67
2,96,36,1,452.03,2024-11-19,0.45
3,78,14,2,4652.68,2024-03-26,0.73
4,82,17,5,2605.0,2024-10-17,1.0
5,7,6,6,4020.6,2024-03-06,0.42
6,6,1,5,5868.3,2025-02-27,0.42
7,34,11,4,4163.92,2025-02-26,1.0
8,55,36,1,452.03,2024-08-28,0.77
9,89,10,1,617.54,2024-10-13,0.34
10,48,38,2,2146.4,2024-02-06,0.69
11,17,3,2,1554.22,2025-04-06,0.34
12,6,23,3,778.71,2025-02-20,0.34
13,46,50,9,14521.77,2024-09-22,0.58
14,53,40,4,589.12,2024-07-22,0.0
15,31,11,3,3122.94,2024-10-13,0.0
16,4,12,4,2818.48,2024-05-24,0.3
17,53,43,1,656.85,2024-08-21,0.15
18,90,7,7,9182.95,2024-07-19,0.61
19,61,15,3,3621.9,2024-05-02,0.18
20,59,23,5,1297.85,2025-01-28,0.01
21,29,2,2,372.98,2023-06-17,1.0
22,36,5,2,2618.3,2024-07-23,0.42
23,87,35,5,6383.35,2023-09-13,0.52
24,15,17,2,1042.0,2024-05-08,0.0
25,34,3,1,777.11,2024-08-11,0.31
26,41,28,10,4063.6,2025-02-17,0.54
27,15,25,2,2372.98,2024-10-12,0.1
28,6,46,1,1762.72,2024-01-13,0.63
29,69,44,2,4128.04,2024-01-28,0.29
30,9,43,4,2627.4,2024-05-27,0.4
31,85,8,3,1058.97,2025-03-31,0.29
32,86,27,2,2346.12,2024-08-17,1.0
33,38,36,1,452.03,2024-08-27,0.5
34,86,25,2,2372.98,2024-12-05,0.13
35,39,26,8,1044.16,2024-04-16,0.79
36,39,19,2,1210.12,2024-08-17,0.07
37,75,39,3,2112.54,2024-04-24,0.57
38,57,44,2,4128.04,2023-11-23,0.0
39,95,11,1,1040.98,2024-06-12,0.04
40,85,41,4,9944.76,2023-12-04,0.57
41,97,16,2,1452.7,2023-07-12,0.76
42,26,10,1,617.54,2025-02-05,0.56
43,61,40,1,147.28,2025-01-08,0.46
44,81,37,3,1263.51,2023-12-25,0.39
45,50,32,2,2709.8,2024-03-04,0.0
46,84,45,2,1059.84,2024-01-02,0.25
47,14,50,2,3227.06,2023-09-12,0.34
48,90,34,1,833.06,2024-04-07,0.87
49,32,8,1,352.99,2024-07-29,0.62
50,60,43,9,5911.65,2024-01-14,0.0
51,77,21,5,11923.85,2025-02-28,0.61
52,65,28,5,2031.8,2024-08-09,0.37
53,21,48,4,3182.0,2023-08-13,0.26
54,97,16,4,2905.4,2023-08-31,0.71
55,67,32,1,1354.9,2024-01-05,0.86
56,10,46,2,3525.44,2023-09-28,0.83
57,43,21,1,2384.77,2024-10-21,0.21
2057,43,22,1,1193.25,2024-10-21,0.39
58,50,45,3,1589.76,2023-09-03,0.62
2058,50,46,3,5288.16,2023-09-03,0.84
59,53,22,5,5966.25,2024-11-18,0.33
60,8,14,3,6979.02,2025-05-01,0.44
61,99,38,1,1073.2,2023-10-03,0.11
62,98,37,4,1684.68,2023-08-22,0.08
63,46,20,6,4834.8,2024-02-02,0.78
64,54,35,7,8936.69,2024-01-26,0.97
65,29,32,1,1354.9,2024-11-29,0.47
66,63,2,3,559.47,2023-12-11,0.85
67,87,26,3,391.56,2024-09-23,0.63
68,17,40,2,294.56,2023-09-18,0.27
69,51,38,7,7512.4,2024-09-07,0.63
70,11,42,1,122.14,2024-08-03,1.0
71,60,12,1,704.62,2024-04-25,0.49
72,42,14,3,6979.02,2025-02-19,1.0
73,98,25,4,4745.96,2024-04-21,0.0
74,54,17,1,521.0,2023-11-21,0.79
75,96,35,2,2553.34,2024-07-23,0.53
76,45,15,1,1207.3,2023-10-20,0.4
77,84,3,2,1554.22,2023-09-30,0.53
2077,84,4,2,3044.24,2023-09-30,0.0
78,3,40,1,147.28,2023-08-12,0.42
79,61,43,1,656.85,2023-08-06,0.62
80,28,30,4,4984.36,2023-08-08,1.0
81,22,39,9,6337.62,2024-10-09,0.32
82,92,8,4,1411.96,2025-02-17,0.22
83,14,38,2,2146.4,2023-10-08,0.32
84,74,44,3,6192.06,2024-12-31,0.82
85,92,13,1,2288.37,2023-08-01,0.62
86,81,16,1,726.35,2023-12-09,0.31
87,39,44,8,16512.16,2024-11-28,0.68
88,73,3,3,2331.33,2024-11-04,0.53
89,9,33,1,1203.13,2024-05-18,0.84
90,63,7,7,9182.95,2024-03-13,0.25
91,82,30,2,2492.18,2024-09-22,0.39
92,94,34,4,3332.24,2025-02-28,0.36
93,69,50,4,6454.12,2024-05-12,0.0
94,94,38,2,2146.4,2024-03-23,0.6
95,32,6,5,3350.5,2023-12-30,0.59
96,32,49,4,5208.4,2024-01-03,0.5
97,44,2,7,1305.43,2024-09-02,0.42
98,24,32,2,2709.8,2024-03-23,0.0
99,34,22,4,4773.0,2023-07-19,0.35
100,90,18,1,955.25,2023-11-11,0.38
101,25,6,3,2010.3,2025-01-14,0.22
102,63,36,3,1356.09,2024-08-07,0.44
103,83,46,4,7050.88,2023-09-07,0.64
104,3,6,1,670.1,2025-04-12,1.0
105,89,16,4,2905.4,2023-09-18,0.56
106,48,31,5,1651.4,2024-08-23,0.59
107,96,36,2,904.06,2023-08-17,0.47
108,59,18,2,1910.5,2023-11-10,0.0
109,16,47,2,3053.18,2023-06-10,0.49
110,98,45,1,529.92,2024-04-21,0.52
111,36,47,8,12212.72,2023-06-24,1.0
112,37,7,1,1311.85,2024-12-31,0.43
113,47,12,1,704.62,2025-03-06,0.61
114,69,9,1,667.15,2024-09-21,0.49
115,7,36,4,1808.12,2023-10-30,0.09
116,17,41,2,4972.38,2023-12-23,0.9
117,2,37,3,1263.51,2024-03-15,0.76
118,57,22,4,4773.0,2025-01-14,0.78
119,33,31,1,330.28,2023-07-07,0.18
120,10,37,1,421.17,2023-05-28,0.99
121,73,20,2,1611.6,2024-03-07,0.01
122,16,36,5,2260.15,2023-12-05,0.71
123,80,15,4,4829.2,2024-12-27,1.0
124,57,20,8,6446.4,2023-08-30,0.15
125,40,37,2,842.34,2023-09-13,0.3
126,95,7,2,2623.7,2024-06-30,0.53
127,34,43,1,656.85,2024-02-07,0.32
128,23,36,1,452.03,2023-11-23,0.0
129,53,29,5,643.05,2024-06-26,0.52
130,5,15,4,4829.2,2024-06-22,0.13
131,90,30,1,1246.09,2023-06-26,0.67
132,34,41,6,14917.14,2023-08-04,0.18
133,26,28,1,406.36,2024-05-29,1.0
134,83,10,5,3087.7,2025-03-04,0.23
135,10,4,3,4566.36,2023-05-23,0.39
136,77,48,8,6364.0,2024-02-22,0.78
137,57,8,5,1764.95,2024-11-04,0.07
138,90,26,3,391.56,2024-09-23,0.58
139,64,29,1,128.61,2024-01-29,0.96
140,56,48,4,3182.0,2024-07-02,0.0
141,4,6,3,2010.3,2024-01-01,0.56
142,74,38,2,2146.4,2024-03-18,0.59
143,87,18,1,955.25,2025-03-28,0.77
144,97,12,4,2818.48,2024-06-19,0.07
145,57,18,3,2865.75,2023-06-27,0.04
146,56,41,8,19889.52,2025-01-21,0.68
147,61,23,3,778.71,2023-08-10,0.6
148,21,22,6,7159.5,2024-12-21,0.59
149,37,43,6,3941.1,2024-12-21,0.62
150,71,3,1,777.11,2024-05-26,0.26
2150,71,4,1,1522.12,2024-05-26,0.58
151,15,50,7,11294.71,2024-10-05,0.6
152,1,43,5,3284.25,2024-08-24,0.25
153,7,13,4,9153.48,2023-06-22,1.0
154,97,32,6,8129.4,2023-11-23,0.67
155,27,18,1,955.25,2025-04-02,0.08
156,37,29,2,257.22,2023-06-01,0.73
157,81,39,3,2112.54,2024-12-26,0.16
158,40,36,1,452.03,2025-01-18,0.78
159,12,15,1,1207.3,2024-07-17,0.91
160,16,42,2,244.28,2024-04-22,0.21
161,92,19,6,3630.36,2023-09-16,0.84
162,54,31,2,660.56,2024-11-17,0.64
163,50,13,5,11441.85,2024-07-15,0.79
164,18,5,5,6545.75,2024-11-22,1.0
165,44,33,4,4812.52,2023-09-17,0.41
2165,44,34,4,3332.24,2023-09-17,0.24
166,39,38,9,9658.8,2024-02-15,0.19
167,63,10,4,2470.16,2024-04-29,0.21
168,45,22,7,8352.75,2023-10-18,0.47
169,49,30,5,6230.45,2023-12-24,0.62
170,90,16,4,2905.4,2024-11-15,0.6
171,100,27,1,1173.06,2024-05-19,0.79
172,61,46,3,5288.16,2024-07-07,0.5
173,85,42,2,244.28,2024-07-11,1.0
174,5,9,10,6671.5,2025-03-09,0.41
175,43,7,1,1311.85,2025-03-09,1.0
176,59,1,2,2347.32,2024-04-22,0.72
177,20,5,6,7854.9,2023-12-11,0.2
2177,20,6,6,4020.6,2023-12-11,0.13
178,80,45,5,2649.6,2024-01-02,0.67
179,87,35,7,8936.69,2024-03-24,0.42
180,81,46,7,12339.04,2025-03-24,0.75
181,5,40,1,147.28,2025-03-30,0.67
182,88,19,3,1815.18,2025-03-05,0.47
183,56,7,1,1311.85,2024-03-27,0.2
184,89,20,1,805.8,2024-07-13,0.0
185,8,19,3,1815.18,2023-05-29,0.34
186,19,16,4,2905.4,2024-08-22,0.8
187,88,12,1,704.62,2024-11-23,0.57
188,79,25,6,7118.94,2024-03-01,0.06
189,64,38,1,1073.2,2023-10-10,0.56
190,82,17,2,1042.0,2025-03-12,0.63
191,2,30,4,4984.36,2025-05-01,0.19
192,21,5,8,10473.2,2025-03-05,0.55
193,39,41,5,12430.95,2023-08-09,0.52
194,59,20,3,2417.4,2023-12-17,0.1
195,62,7,2,2623.7,2024-01-18,0.63
196,46,37,6,2527.02,2024-07-20,0.7
197,38,2,2,372.98,2024-06-25,0.88
198,73,44,2,4128.04,2024-10-01,0.87
199,96,32,4,5419.6,2024-04-26,0.02
200,30,39,2,1408.36,2023-12-03,0.17
201,25,40,4,589.12,2023-10-14,0.68
202,93,50,3,4840.59,2025-05-01,0.68
203,81,42,1,122.14,2024-09-14,0.68
204,57,3,4,3108.44,2025-03-03,1.0
2204,57,4,4,6088.48,2025-03-03,0.7
205,38,21,2,4769.54,2023-10-06,0.9
2205,38,22,2,2386.5,2023-10-06,0.83
206,70,24,5,9447.95,2024-05-20,0.73
207,35,11,5,5204.9,2023-09-15,0.39
208,62,19,4,2420.24,2024-02-16,0.77
209,60,5,3,3927.45,2024-10-05,0.23
2209,60,6,3,2010.3,2024-10-05,0.42
210,87,47,7,10686.13,2024-04-24,0.33
211,47,6,1,670.1,2024-09-01,0.53
212,69,8,3,1058.97,2025-01-16,1.0
213,96,44,3,6192.06,2023-10-24,0.0
214,82,24,1,1889.59,2024-02-17,0.74
215,61,2,8,1491.92,2023-11-21,0.0
216,72,21,2,4769.54,2025-03-15,0.33
2216,72,22,2,2386.5,2025-03-15,0.88
217,60,45,4,2119.68,2024-03-03,0.52
2217,60,46,4,7050.88,2024-03-03,0.12
218,6,3,6,4662.66,2025-04-28,0.25
2218,6,4,6,9132.72,2025-04-28,0.74
219,31,35,2,2553.34,2024-07-19,0.24
220,48,43,4,2627.4,2023-10-16,0.58
221,96,47,3,4579.77,2024-10-02,0.52
222,63,40,7,1030.96,2024-09-03,0.27
223,36,3,1,777.11,2024-08-01,1.0
224,31,24,2,3779.18,2024-08-20,0.72
225,48,35,1,1276.67,2024-01-12,0.0
226,36,13,2,4576.74,2025-01-22,0.57
227,59,6,2,1340.2,2023-07-06,0.27
228,77,2,1,186.49,2024-05-08,0.8
229,32,9,3,2001.45,2023-11-16,0.22
230,98,36,2,904.06,2023-06-07,0.46
231,30,22,3,3579.75,2023-09-27,0.68
232,77,1,5,5868.3,2023-11-24,0.8
2232,77,2,5,932.45,2023-11-24,0.08
233,17,35,5,6383.35,2024-10-14,0.38
234,15,43,1,656.85,2024-02-18,0.33
235,46,16,4,2905.4,2023-06-14,0.27
236,23,17,1,521.0,2024-07-17,1.0
237,54,34,1,833.06,2023-07-19,0.64
238,61,29,3,385.83,2025-04-02,0.06
239,14,29,3,385.83,2024-02-13,0.82
240,79,3,3,2331.33,2025-03-20,1.0
241,4,4,6,9132.72,2024-02-07,0.86
242,55,44,1,2064.02,2023-07-30,0.0
243,57,5,1,1309.15,2024-08-05,0.33
2243,57,6,1,670.1,2024-08-05,0.94
244,17,18,6,5731.5,2025-04-12,0.25
245,71,46,2,3525.44,2023-12-28,0.66
246,77,34,3,2499.18,2024-09-22,0.77
247,78,28,1,406.36,2023-07-09,0.18
248,15,42,6,732.84,2023-06-21,0.48
249,28,28,6,2438.16,2023-07-12,0.0
250,53,22,3,3579.75,2025-02-26,0.14
251,94,7,3,3935.55,2024-08-20,0.41
252,86,17,6,3126.0,2024-09-14,0.06
253,88,31,1,330.28,2024-11-08,1.0
2253,88,32,1,1354.9,2024-11-08,0.0
254,56,7,5,6559.25,2025-01-06,0.35
255,72,4,8,12176.96,2023-06-02,0.55
256,72,22,1,1193.25,2023-08-29,1.0
257,86,49,6,7812.6,2023-06-01,0.0
258,37,39,2,1408.36,2024-06-21,0.91
259,74,33,1,1203.13,2023-09-30,0.5
260,14,23,4,1038.28,2024-09-11,0.16
261,74,15,7,8451.1,2024-11-10,0.66
262,99,40,7,1030.96,2025-05-02,0.57
263,72,2,9,1678.41,2024-12-18,0.29
264,89,18,1,955.25,2023-11-02,0.52
265,90,49,5,6510.5,2024-10-17,0.37
266,24,10,6,3705.24,2023-07-20,0.54
267,9,10,1,617.54,2024-06-27,0.73
268,68,14,4,9305.36,2023-10-24,1.0
269,44,11,2,2081.96,2024-10-09,0.07
270,42,50,6,9681.18,2024-05-11,1.0
271,7,10,3,1852.62,2024-06-02,0.0
272,7,44,1,2064.02,2023-07-16,0.45
273,85,28,5,2031.8,2024-06-18,0.71
274,54,18,3,2865.75,2024-02-20,0.6
275,15,23,2,519.14,2023-09-20,0.28
276,76,32,6,8129.4,2024-02-05,0.43
277,6,15,7,8451.1,2023-10-13,0.33
278,8,1,1,1173.66,2025-02-28,0.29
2278,8,2,1,186.49,2025-02-28,0.8
279,18,49,2,2604.2,2023-11-10,0.62
2279,18,50,2,3227.06,2023-11-10,0.26
280,64,48,2,1591.0,2024-05-02,0.81
281,49,35,2,2553.34,2024-11-01,0.61
282,86,23,1,259.57,2023-06-03,0.78
283,56,2,7,1305.43,2024-08-22,0.72
284,41,37,5,2105.85,2025-03-04,0.21
285,91,41,3,7458.57,2023-10-29,0.3
286,52,2,2,372.98,2023-07-29,0.76
287,80,30,1,1246.09,2024-12-31,0.71
288,14,16,5,3631.75,2023-11-07,0.49
289,68,6,7,4690.7,2025-03-22,0.54
290,96,22,1,1193.25,2024-03-02,0.95
291,22,5,6,7854.9,2024-07-27,0.29
292,25,50,2,3227.06,2024-02-27,0.69
293,83,10,1,617.54,2025-01-03,0.43
294,33,13,2,4576.74,2024-12-28,0.42
295,98,49,1,1302.1,2025-01-05,0.88
296,64,30,7,8722.63,2023-12-06,0.79
297,58,44,6,12384.12,2024-03-14,0.78
298,80,21,1,2384.77,2023-12-24,0.96
2298,80,22,1,1193.25,2023-12-24,0.51
299,57,41,4,9944.76,2023-07-08,0.74
300,76,4,3,4566.36,2024-01-26,0.39
301,40,30,2,2492.18,2023-06-22,0.61
302,48,19,1,605.06,2024-01-14,0.45
303,12,40,5,736.4,2023-07-10,0.53
304,60,38,9,9658.8,2024-10-16,0.71
305,95,3,6,4662.66,2023-08-08,0.21
306,25,21,5,11923.85,2023-08-19,1.0
2306,25,22,5,5966.25,2023-08-19,0.15
307,8,29,1,128.61,2023-06-23,0.08
308,44,46,1,1762.72,2023-09-18,0.91
309,23,3,3,2331.33,2024-11-07,0.78
310,68,34,2,1666.12,2024-05-15,0.72
311,48,19,4,2420.24,2023-05-29,0.72
312,44,44,1,2064.02,2024-03-28,0.5
313,81,42,1,122.14,2023-06-03,0.19
314,13,36,3,1356.09,2023-07-30,0.53
315,93,43,8,5254.8,2024-09-19,0.26
316,43,6,7,4690.7,2024-09-12,0.84
317,45,20,1,805.8,2024-08-09,0.45
318,91,6,3,2010.3,2025-03-08,0.21
319,83,22,2,2386.5,2023-07-30,0.39
320,95,44,1,2064.02,2024-07-01,0.64
321,86,28,4,1625.44,2023-12-25,0.3
322,47,20,3,2417.4,2023-10-09,0.21
323,44,50,1,1613.53,2025-01-22,0.59
324,18,10,1,617.54,2023-11-28,0.59
325,13,33,8,9625.04,2024-11-24,0.32
326,5,43,5,3284.25,2023-09-15,0.34
327,80,9,4,2668.6,2025-01-27,0.58
328,21,12,7,4932.34,2023-08-12,0.0
329,22,47,1,1526.59,2024-08-29,0.01
330,93,16,5,3631.75,2024-10-27,0.25
331,97,48,2,1591.0,2025-02-06,0.43
332,31,20,7,5640.6,2024-06-17,0.61
333,25,24,8,15116.72,2023-08-11,1.0
334,60,50,4,6454.12,2023-08-13,0.8
335,65,34,7,5831.42,2023-09-24,0.44
336,26,39,4,2816.72,2025-02-24,0.49
337,7,42,6,732.84,2023-12-31,0.15
338,71,7,7,9182.95,2023-08-29,0.49
339,37,6,1,670.1,2024-05-01,0.4
340,66,10,1,617.54,2024-10-25,0.61
341,29,29,5,643.05,2023-08-06,0.21
342,54,4,4,6088.48,2023-09-08,0.68
343,31,25,1,1186.49,2023-06-28,1.0
344,4,21,2,4769.54,2024-04-02,0.46
345,19,9,1,667.15,2024-12-24,0.64
346,61,45,3,1589.76,2024-02-24,0.74
347,79,1,1,1173.66,2025-01-07,0.36
2347,79,2,1,186.49,2025-01-07,0.58
348,20,36,5,2260.15,2025-02-27,0.5
349,15,50,2,3227.06,2024-07-25,0.53
350,16,4,2,3044.24,2023-08-15,0.23
351,80,30,1,1246.09,2025-05-13,0.51
352,64,39,1,704.18,2024-12-13,0.67
353,66,37,3,1263.51,2024-04-29,1.0
354,38,28,1,406.36,2024-05-03,0.84
355,31,37,2,842.34,2024-07-03,1.0
356,86,6,9,6030.9,2024-10-07,0.23
357,9,34,5,4165.3,2025-01-11,0.81
358,65,36,1,452.03,2023-08-14,0.56
359,61,3,6,4662.66,2023-05-30,1.0
2359,61,4,6,9132.72,2023-05-30,0.22
360,3,23,1,259.57,2025-02-25,0.21
361,81,7,7,9182.95,2024-09-14,0.29
362,43,9,1,667.15,2024-06-02,0.0
363,44,42,3,366.42,2024-05-27,0.32
364,88,30,5,6230.45,2024-04-16,0.23
365,18,5,1,1309.15,2024-08-13,0.55
2365,18,6,1,670.1,2024-08-13,0.62
366,26,3,6,4662.66,2025-03-09,1.0
367,70,31,1,330.28,2023-12-03,0.83
368,37,23,2,519.14,2024-07-11,0.3
369,16,24,7,13227.13,2025-03-22,0.19
370,96,29,3,385.83,2024-02-23,0.67
371,24,32,3,4064.7,2024-04-09,0.04
372,67,18,1,955.25,2023-12-08,1.0
373,11,28,10,4063.6,2025-04-11,0.91
374,24,35,2,2553.34,2023-08-05,0.34
375,11,21,2,4769.54,2025-05-03,0.0
376,55,11,3,3122.94,2024-04-15,0.97
377,6,47,4,6106.36,2024-10-31,0.46
378,82,4,1,1522.12,2024-01-01,0.93
379,52,24,7,13227.13,2023-08-17,0.0
380,87,11,1,1040.98,2024-10-10,0.29
381,78,44,2,4128.04,2023-06-13,0.5
382,9,16,2,1452.7,2024-11-08,0.52
383,73,3,2,1554.22,2024-07-21,0.34
384,48,24,6,11337.54,2024-02-05,0.72
385,74,9,4,2668.6,2025-03-24,0.13
386,41,42,2,244.28,2023-12-29,0.45
387,15,2,2,372.98,2023-07-19,0.54
388,50,36,1,452.03,2024-07-03,0.68
389,34,46,2,3525.44,2024-06-28,0.75
390,79,19,2,1210.12,2024-12-17,0.11
391,18,5,2,2618.3,2024-09-29,0.0
392,12,44,4,8256.08,2024-12-26,0.95
393,91,5,5,6545.75,2023-08-29,0.62
394,21,46,3,5288.16,2025-04-12,0.24
395,66,15,2,2414.6,2025-04-20,1.0
396,18,16,1,726.35,2024-10-15,0.54
397,71,37,3,1263.51,2024-04-13,0.91
398,71,9,9,6004.35,2025-04-07,0.52
399,9,20,7,5640.6,2023-11-06,1.0
400,93,31,4,1321.12,2024-08-30,1.0
401,74,5,3,3927.45,2023-11-11,0.41
402,58,30,4,4984.36,2024-10-14,0.84
403,100,36,3,1356.09,2023-07-01,0.73
404,17,28,8,3250.88,2023-12-25,0.98
405,8,8,3,1058.97,2023-08-17,0.16
406,22,11,6,6245.88,2025-01-05,0.74
407,29,23,8,2076.56,2023-10-29,0.87
408,33,13,3,6865.11,2024-12-02,0.0
409,81,20,5,4029.0,2025-04-27,0.09
410,65,42,2,244.28,2023-10-12,0.0
411,75,10,3,1852.62,2024-12-18,0.41
412,93,39,5,3520.9,2025-02-11,0.75
413,73,3,1,777.11,2025-04-08,1.0
414,99,37,4,1684.68,2025-01-13,0.53
415,99,37,5,2105.85,2025-04-23,1.0
416,4,32,3,4064.7,2024-12-27,0.02
417,39,31,3,990.84,2023-11-15,0.0
418,39,30,1,1246.09,2024-01-12,0.48
419,21,29,4,514.44,2024-07-22,0.63
420,27,22,2,2386.5,2024-07-09,0.49
421,92,21,5,11923.85,2023-09-14,0.0
2421,92,22,5,5966.25,2023-09-14,0.47
422,48,33,1,1203.13,2024-08-27,0.04
2422,48,34,1,833.06,2024-08-27,0.73
423,16,18,2,1910.5,2024-07-22,0.63
424,13,4,6,9132.72,2025-01-26,0.17
425,79,27,3,3519.18,2023-08-13,0.32
426,21,21,6,14308.62,2023-05-18,0.13
2426,21,22,6,7159.5,2023-05-18,0.48
427,21,32,5,6774.5,2025-02-14,0.83
428,40,32,1,1354.9,2024-01-21,0.15
429,51,33,7,8421.91,2024-09-27,0.68
2429,51,34,7,5831.42,2024-09-27,0.31
430,46,4,1,1522.12,2023-06-02,0.22
431,77,42,2,244.28,2025-02-07,0.46
432,2,7,1,1311.85,2024-06-03,0.14
433,34,47,4,6106.36,2024-01-10,0.31
434,52,4,5,7610.6,2023-12-11,0.08
435,47,36,1,452.03,2025-03-29,1.0
436,65,29,3,385.83,2025-04-15,0.51
437,80,44,1,2064.02,2025-01-15,0.26
438,13,26,5,652.6,2024-10-14,0.57
439,44,36,4,1808.12,2023-11-14,0.46
440,26,39,4,2816.72,2023-09-19,0.42
441,6,3,1,777.11,2024-06-11,0.71
442,61,34,2,1666.12,2023-08-05,0.77
443,66,9,6,4002.9,2025-01-07,0.31
444,41,11,8,8327.84,2025-02-04,0.3
445,95,20,4,3223.2,2024-05-12,0.4
446,66,35,5,6383.35,2024-04-28,0.0
447,39,31,1,330.28,2024-07-15,0.0
448,54,38,5,5366.0,2024-08-14,0.98
449,93,45,1,529.92,2024-02-02,1.0
2449,93,46,1,1762.72,2024-02-02,0.41
450,84,50,6,9681.18,2024-03-16,0.7
451,93,4,5,7610.6,2024-10-03,0.61
452,68,41,7,17403.33,2023-09-30,1.0
453,49,10,1,617.54,2024-08-08,0.89
454,90,8,1,352.99,2024-08-07,0.46
455,41,27,2,2346.12,2023-05-20,0.17
456,27,27,7,8211.42,2023-09-14,0.0
457,61,48,1,795.5,2024-02-29,0.57
458,67,14,3,6979.02,2024-09-24,0.24
459,85,31,4,1321.12,2024-04-04,0.0
460,59,35,3,3830.01,2024-10-12,0.27
461,87,50,4,6454.12,2024-10-18,0.12
462,25,16,3,2179.05,2023-11-24,1.0
463,29,20,4,3223.2,2024-03-10,0.81
464,89,46,3,5288.16,2025-01-17,0.5
465,45,36,2,904.06,2024-10-05,1.0
466,74,44,4,8256.08,2023-12-21,0.53
467,51,23,1,259.57,2023-11-24,0.2
2467,51,24,1,1889.59,2023-11-24,1.0
468,92,6,5,3350.5,2024-09-19,0.69
469,84,17,2,1042.0,2024-09-16,0.14
470,69,18,7,6686.75,2025-02-28,0.43
471,18,7,7,9182.95,2023-08-23,0.19
472,31,16,1,726.35,2025-02-04,0.02
473,68,15,1,1207.3,2024-08-30,0.82
474,53,22,2,2386.5,2023-12-11,1.0
475,99,9,2,1334.3,2023-06-28,0.01
476,21,27,4,4692.24,2023-08-12,0.7
477,26,49,2,2604.2,2024-03-12,0.27
478,99,6,3,2010.3,2024-05-19,0.33
479,95,47,2,3053.18,2025-03-13,0.29
2479,95,48,2,1591.0,2025-03-13,0.2
480,23,3,6,4662.66,2024-07-31,0.52
2480,23,4,6,9132.72,2024-07-31,0.21
481,96,19,1,605.06,2023-09-26,0.59
482,73,39,2,1408.36,2024-03-03,0.48
483,43,19,8,4840.48,2025-02-16,0.42
484,70,34,7,5831.42,2025-02-16,0.18
485,18,33,3,3609.39,2023-08-13,0.3
486,43,11,5,5204.9,2023-12-11,0.76
487,92,12,1,704.62,2024-07-03,0.68
488,38,37,1,421.17,2024-08-21,0.16
489,82,26,4,522.08,2023-10-03,0.53
490,12,26,1,130.52,2024-11-11,0.76
491,18,31,5,1651.4,2023-10-20,0.0
2491,18,32,5,6774.5,2023-10-20,0.69
492,50,16,6,4358.1,2024-01-23,0.27
493,43,20,7,5640.6,2024-04-17,0.7
494,2,17,4,2084.0,2023-10-03,0.23
495,8,43,1,656.85,2024-09-15,0.0
496,21,26,10,1305.2,2025-04-22,0.0
497,91,50,4,6454.12,2023-12-31,0.52
498,82,19,3,1815.18,2023-11-15,0.59
499,29,9,2,1334.3,2023-07-30,0.18
500,96,39,2,1408.36,2025-01-21,0.72
501,71,31,8,2642.24,2024-10-30,0.0
502,98,16,7,5084.45,2023-08-31,0.48
503,11,34,4,3332.24,2023-10-31,0.08
504,47,5,2,2618.3,2023-09-16,0.27
505,65,13,5,11441.85,2024-03-16,0.52
506,22,21,4,9539.08,2024-08-31,0.2
507,92,38,1,1073.2,2025-02-14,0.37
508,66,29,1,128.61,2024-10-26,0.85
509,66,27,4,4692.24,2024-06-27,0.3
510,72,30,4,4984.36,2024-01-26,0.79
511,51,17,1,521.0,2024-07-13,0.1
512,75,5,1,1309.15,2023-08-14,0.69
513,70,4,2,3044.24,2023-11-20,1.0
514,61,3,3,2331.33,2024-07-05,0.0
515,99,42,3,366.42,2024-11-02,0.22
516,49,29,3,385.83,2024-07-24,0.7
517,88,43,2,1313.7,2024-01-14,0.43
518,45,8,3,1058.97,2023-12-18,0.63
519,51,34,3,2499.18,2023-09-01,0.29
520,29,1,2,2347.32,2024-03-19,0.53
521,93,35,4,5106.68,2023-05-25,0.45
522,30,16,3,2179.05,2024-12-24,0.91
523,36,13,1,2288.37,2024-02-07,0.59
524,85,27,8,9384.48,2025-03-23,0.62
525,3,16,1,726.35,2024-04-28,0.36
526,77,3,5,3885.55,2023-08-31,0.33
527,7,16,1,726.35,2023-09-28,0.35
528,30,35,3,3830.01,2023-11-29,0.64
529,100,4,2,3044.24,2023-06-07,0.35
530,38,15,4,4829.2,2023-12-27,0.6
531,77,50,1,1613.53,2025-02-27,1.0
532,19,43,3,1970.55,2023-11-06,0.8
533,39,18,1,955.25,2025-05-13,0.39
534,76,48,2,1591.0,2024-06-12,0.92
535,55,36,1,452.03,2025-01-04,0.36
536,45,42,6,732.84,2024-11-17,0.0
537,41,45,3,1589.76,2023-12-07,0.15
2537,41,46,3,5288.16,2023-12-07,0.0
538,24,49,5,6510.5,2023-08-05,0.38
539,39,46,3,5288.16,2024-01-07,0.51
540,8,36,7,3164.21,2024-06-03,1.0
541,72,34,2,1666.12,2024-01-30,0.61
542,33,14,4,9305.36,2024-12-13,0.42
543,58,24,1,1889.59,2024-07-03,0.79
544,25,4,2,3044.24,2025-01-11,0.0
545,78,39,1,704.18,2023-05-15,0.58
546,25,49,7,9114.7,2024-11-20,0.77
547,62,14,2,4652.68,2023-10-03,0.0
548,2,14,4,9305.36,2025-04-25,0.9
549,16,48,7,5568.5,2024-07-02,0.62
550,90,39,2,1408.36,2024-08-26,0.35
551,31,36,4,1808.12,2023-11-10,0.72
552,49,30,6,7476.54,2023-08-25,1.0
553,40,17,3,1563.0,2024-01-25,0.56
554,64,30,1,1246.09,2023-08-08,0.59
555,93,31,5,1651.4,2024-12-02,0.34
556,53,3,7,5439.77,2023-06-11,0.2
557,3,17,8,4168.0,2023-10-28,0.79
558,75,47,3,4579.77,2023-08-25,0.2
2558,75,48,3,2386.5,2023-08-25,0.53
559,30,25,7,8305.43,2023-09-09,0.33
560,64,36,2,904.06,2024-09-26,0.67
561,63,47,4,6106.36,2024-04-28,0.62
562,46,11,3,3122.94,2024-11-06,0.86
563,63,12,10,7046.2,2025-04-10,0.32
564,8,34,2,1666.12,2025-05-04,0.41
565,10,43,1,656.85,2023-06-20,0.16
566,53,9,1,667.15,2024-10-04,0.34
567,20,1,2,2347.32,2023-06-22,0.63
568,80,41,8,19889.52,2024-02-03,0.76
569,85,32,1,1354.9,2024-01-01,0.18
570,71,27,1,1173.06,2025-03-03,0.8
571,93,18,8,7642.0,2023-10-27,0.97
572,3,33,6,7218.78,2024-03-15,0.64
573,14,7,2,2623.7,2024-03-17,1.0
574,25,40,2,294.56,2025-03-20,0.23
575,46,18,1,955.25,2025-03-13,0.06
576,52,30,3,3738.27,2023-06-11,0.0
577,90,15,4,4829.2,2024-10-01,1.0
578,11,42,1,122.14,2023-11-08,0.73
579,49,25,5,5932.45,2023-05-17,0.48
580,82,1,1,1173.66,2023-10-08,0.6
581,83,22,9,10739.25,2024-06-26,0.11
582,13,34,1,833.06,2023-08-21,1.0
583,89,37,3,1263.51,2023-06-03,0.55
584,10,44,5,10320.1,2025-02-06,0.54
585,73,43,1,656.85,2023-12-01,0.75
586,41,2,2,372.98,2023-11-23,0.67
587,97,46,7,12339.04,2024-10-02,0.58
588,39,11,3,3122.94,2024-01-16,0.22
589,50,44,3,6192.06,2024-07-29,0.67
590,97,48,3,2386.5,2024-10-12,1.0
591,89,47,1,1526.59,2025-02-15,0.97
592,7,7,2,2623.7,2024-06-27,1.0
593,10,22,7,8352.75,2024-07-16,0.32
594,77,26,1,130.52,2023-05-26,0.15
595,35,29,3,385.83,2023-05-18,0.46
596,71,25,2,2372.98,2024-04-05,0.52
597,75,43,1,656.85,2024-04-03,0.88
598,80,19,3,1815.18,2024-02-08,0.0
599,11,18,2,1910.5,2023-05-16,1.0
600,82,10,3,1852.62,2024-03-03,0.44
601,14,6,2,1340.2,2024-07-20,0.35
602,57,24,1,1889.59,2025-01-05,0.15
603,12,12,4,2818.48,2023-09-28,0.0
604,72,33,1,1203.13,2024-06-03,0.79
2604,72,34,1,833.06,2024-06-03,0.53
605,71,6,6,4020.6,2024-09-06,0.05
606,42,25,1,1186.49,2024-12-07,0.05
607,50,50,1,1613.53,2024-05-22,0.38
608,72,16,5,3631.75,2023-06-10,1.0
609,88,25,1,1186.49,2023-11-04,0.41
610,39,18,2,1910.5,2024-07-12,0.0
611,22,28,3,1219.08,2024-07-23,0.41
612,62,5,2,2618.3,2024-03-18,0.4
2612,62,6,2,1340.2,2024-03-18,0.0
613,81,32,6,8129.4,2023-06-17,0.48
614,59,7,1,1311.85,2025-05-09,0.42
615,51,22,4,4773.0,2023-09-29,0.74
616,43,29,3,385.83,2024-09-02,1.0
617,84,39,1,704.18,2024-06-20,0.89
618,78,45,2,1059.84,2024-10-09,0.41
2618,78,46,2,3525.44,2024-10-09,0.11
619,51,21,4,9539.08,2024-01-18,1.0
620,74,16,2,1452.7,2024-03-30,0.52
621,51,24,2,3779.18,2023-12-03,0.5
622,26,38,2,2146.4,2025-01-07,0.49
623,99,36,2,904.06,2023-11-01,0.57
624,60,46,2,3525.44,2024-11-08,0.45
625,38,45,2,1059.84,2024-02-25,0.3
626,53,44,1,2064.02,2024-06-28,0.31
627,39,16,4,2905.4,2023-06-12,0.49
628,92,28,1,406.36,2024-08-22,0.31
629,77,31,4,1321.12,2024-09-17,0.25
630,89,27,2,2346.12,2023-07-05,0.54
631,47,45,6,3179.52,2023-09-04,0.41
632,14,50,3,4840.59,2024-03-16,1.0
633,46,11,1,1040.98,2024-10-25,0.0
634,83,44,7,14448.14,2023-11-05,0.88
635,43,28,1,406.36,2024-09-16,0.94
636,34,15,6,7243.8,2023-05-17,0.0
637,72,38,2,2146.4,2025-02-24,0.38
638,48,26,6,783.12,2023-11-10,0.37
639,76,45,2,1059.84,2024-05-25,0.01
640,62,7,2,2623.7,2025-03-19,0.23
641,11,8,1,352.99,2025-04-27,0.11
642,44,30,2,2492.18,2024-10-22,1.0
643,45,31,1,330.28,2024-05-14,0.83
644,41,5,1,1309.15,2024-12-04,0.95
645,3,22,1,1193.25,2025-03-19,0.75
646,22,48,2,1591.0,2024-09-10,0.1
647,71,11,3,3122.94,2023-11-21,0.32
648,60,15,5,6036.5,2025-02-06,0.67
649,24,41,3,7458.57,2024-01-25,0.07
650,95,40,2,294.56,2023-11-07,0.75
651,55,25,1,1186.49,2023-09-04,0.42
652,27,18,1,955.25,2023-12-17,0.37
653,69,12,2,1409.24,2025-01-22,0.75
654,59,8,4,1411.96,2024-12-16,0.66
655,63,34,4,3332.24,2025-03-27,0.37
656,79,26,2,261.04,2023-11-21,0.91
657,46,30,3,3738.27,2023-11-12,0.12
658,87,46,5,8813.6,2024-12-09,0.72
659,76,6,2,1340.2,2023-07-02,0.71
660,31,20,1,805.8,2024-10-24,0.39
661,89,10,4,2470.16,2023-12-05,0.61
662,77,9,4,2668.6,2023-06-06,0.06
663,24,32,6,8129.4,2023-06-25,0.82
664,83,12,2,1409.24,2025-03-10,0.44
665,37,9,1,667.15,2025-03-20,0.32
666,58,40,1,147.28,2023-08-12,0.87
667,2,32,1,1354.9,2024-10-24,0.25
668,50,36,6,2712.18,2024-03-08,0.01
669,53,44,3,6192.06,2024-09-13,0.0
670,57,32,1,1354.9,2024-12-29,0.71
671,4,49,1,1302.1,2023-06-24,0.05
2671,4,50,1,1613.53,2023-06-24,1.0
672,69,19,3,1815.18,2024-04-30,0.0
673,73,48,4,3182.0,2023-11-15,1.0
674,15,37,1,421.17,2024-08-09,0.57
675,70,24,8,15116.72,2024-02-17,0.47
676,6,49,4,5208.4,2025-05-03,0.31
677,14,48,1,795.5,2025-02-15,0.64
678,5,29,2,257.22,2024-12-25,0.49
679,12,29,1,128.61,2024-01-17,0.89
680,31,14,7,16284.38,2025-04-08,0.54
681,91,40,2,294.56,2024-07-05,0.55
682,18,14,3,6979.02,2023-06-01,0.37
683,73,23,3,778.71,2024-02-20,0.48
684,42,46,2,3525.44,2024-12-02,0.61
685,35,33,1,1203.13,2024-08-27,0.0
686,53,4,5,7610.6,2024-06-06,0.03
687,17,45,1,529.92,2024-07-11,0.76
688,32,49,4,5208.4,2023-05-15,0.56
689,35,41,3,7458.57,2023-09-20,0.44
690,10,41,1,2486.19,2023-07-28,0.51
691,96,18,3,2865.75,2024-02-27,0.62
692,63,21,2,4769.54,2023-07-08,0.31
693,94,6,5,3350.5,2023-06-06,0.23
694,90,23,2,519.14,2025-02-20,0.57
695,55,14,2,4652.68,2024-08-20,0.16
696,37,22,6,7159.5,2025-02-20,0.64
697,73,32,5,6774.5,2024-04-07,0.0
698,98,4,1,1522.12,2023-05-30,0.86
699,59,2,2,372.98,2024-04-05,0.67
700,21,29,1,128.61,2023-09-01,0.59
701,55,13,3,6865.11,2023-07-03,0.84
702,39,11,1,1040.98,2023-07-26,1.0
703,47,17,1,521.0,2025-04-05,0.86
704,84,11,1,1040.98,2024-08-31,0.0
705,40,47,2,3053.18,2023-09-28,0.05
2705,40,48,2,1591.0,2023-09-28,0.28
706,13,1,2,2347.32,2023-08-17,0.51
2706,13,2,2,372.98,2023-08-17,0.68
707,29,34,1,833.06,2023-07-27,0.25
708,90,22,2,2386.5,2024-09-17,0.57
709,55,45,2,1059.84,2023-10-09,0.24
2709,55,46,2,3525.44,2023-10-09,0.29
710,12,47,1,1526.59,2024-02-19,0.01
711,39,9,5,3335.75,2023-07-26,0.18
712,97,9,1,667.15,2024-08-09,0.03
713,73,1,6,7041.96,2024-05-05,0.16
714,93,14,3,6979.02,2024-02-24,0.87
715,79,44,7,14448.14,2024-09-22,0.17
716,12,7,3,3935.55,2023-12-23,1.0
717,76,47,3,4579.77,2024-01-14,0.67
718,18,16,4,2905.4,2024-09-05,0.56
719,32,36,6,2712.18,2024-04-21,0.2
720,78,19,2,1210.12,2025-03-04,0.75
721,85,20,2,1611.6,2024-04-09,0.3
722,66,13,3,6865.11,2023-06-15,0.54
723,7,16,3,2179.05,2023-09-06,1.0
724,31,32,2,2709.8,2024-02-18,0.47
725,2,24,1,1889.59,2024-07-21,0.9
726,73,27,3,3519.18,2023-11-05,0.25
727,23,49,6,7812.6,2023-08-05,0.49
728,3,38,1,1073.2,2023-06-20,1.0
729,28,3,2,1554.22,2024-01-11,0.28
730,37,41,7,17403.33,2023-10-24,1.0
731,55,45,1,529.92,2025-03-22,0.75
732,79,10,1,617.54,2023-12-09,0.3
733,11,33,4,4812.52,2024-10-22,0.72
2733,11,34,4,3332.24,2024-10-22,0.84
734,42,26,6,783.12,2024-09-28,0.72
735,84,44,1,2064.02,2024-03-30,0.0
736,56,47,1,1526.59,2024-02-22,0.25
2736,56,48,1,795.5,2024-02-22,0.41
737,56,8,5,1764.95,2024-09-07,0.47
738,8,20,1,805.8,2023-07-07,0.72
739,91,9,1,667.15,2024-05-23,0.56
740,45,34,7,5831.42,2023-09-09,0.03
741,93,17,2,1042.0,2024-06-14,0.63
742,96,50,4,6454.12,2024-12-03,0.71
743,16,50,1,1613.53,2024-06-05,0.7
744,55,18,2,1910.5,2023-11-22,0.88
745,92,37,1,421.17,2024-08-15,0.79
746,66,24,1,1889.59,2024-08-17,0.66
747,73,11,1,1040.98,2025-03-02,0.48
748,99,7,7,9182.95,2024-10-15,0.0
749,15,15,1,1207.3,2024-09-02,0.65
750,2,16,1,726.35,2024-05-17,0.57
751,50,10,3,1852.62,2024-04-20,0.6
752,5,36,2,904.06,2024-02-13,0.05
753,32,27,2,2346.12,2024-05-10,0.12
754,10,37,1,421.17,2023-12-11,0.87
755,87,4,1,1522.12,2024-06-14,0.49
756,67,3,1,777.11,2024-08-18,0.74
757,37,50,2,3227.06,2023-11-01,0.51
758,71,30,1,1246.09,2024-04-09,0.51
759,38,37,4,1684.68,2024-05-19,0.83
760,32,30,4,4984.36,2025-03-12,0.32
761,64,50,3,4840.59,2024-04-23,0.53
762,70,49,1,1302.1,2023-10-31,0.34
763,4,15,4,4829.2,2023-07-02,0.35
764,89,1,1,1173.66,2024-12-17,0.39
765,95,47,1,1526.59,2024-06-07,0.58
766,31,27,8,9384.48,2025-03-08,0.33
767,19,46,1,1762.72,2024-01-18,0.94
768,30,34,5,4165.3,2023-12-28,0.19
769,48,30,1,1246.09,2023-08-04,0.43
770,65,9,1,667.15,2023-12-19,0.35
771,73,4,5,7610.6,2024-04-22,1.0
772,17,16,2,1452.7,2024-02-08,0.57
773,41,26,2,261.04,2023-06-09,0.86
774,35,15,2,2414.6,2023-06-01,0.0
775,18,50,1,1613.53,2025-01-15,0.59
776,14,11,4,4163.92,2023-07-22,0.81
777,53,8,4,1411.96,2023-05-23,0.53
778,99,14,3,6979.02,2023-08-09,0.87
779,34,8,1,352.99,2024-11-19,0.32
780,88,20,1,805.8,2024-02-17,0.99
781,42,10,1,617.54,2025-03-03,1.0
782,46,26,1,130.52,2025-03-24,0.37
783,39,17,1,521.0,2024-07-09,0.34
784,52,29,8,1028.88,2025-03-03,1.0
785,32,7,1,1311.85,2024-05-30,1.0
786,18,8,1,352.99,2024-12-04,0.32
787,100,15,1,1207.3,2023-06-15,0.35
788,52,24,1,1889.59,2024-08-22,0.4
789,34,5,2,2618.3,2023-10-15,0.03
2789,34,6,2,1340.2,2023-10-15,0.18
790,83,29,1,128.61,2023-08-01,0.15
791,43,8,2,705.98,2023-06-05,0.23
792,7,11,5,5204.9,2023-06-17,0.49
793,93,26,2,261.04,2023-05-21,0.58
794,88,28,1,406.36,2024-12-16,1.0
795,24,18,3,2865.75,2023-07-12,0.15
796,20,3,6,4662.66,2024-09-21,0.84
2796,20,4,6,9132.72,2024-09-21,0.43
797,38,32,6,8129.4,2023-07-03,0.48
798,62,4,1,1522.12,2023-08-30,0.74
799,18,27,3,3519.18,2024-08-20,0.11
800,68,16,7,5084.45,2024-05-02,0.63
801,49,46,3,5288.16,2024-11-26,0.56
802,63,23,5,1297.85,2025-04-15,0.67
803,24,2,3,559.47,2023-06-27,0.6
804,4,50,1,1613.53,2025-02-19,1.0
805,61,34,5,4165.3,2025-03-06,0.28
806,30,11,1,1040.98,2023-08-29,0.31
807,31,18,8,7642.0,2025-04-29,0.28
808,95,4,2,3044.24,2023-09-20,0.31
809,50,23,1,259.57,2024-05-13,0.28
810,95,45,6,3179.52,2025-05-08,0.92
2810,95,46,6,10576.32,2025-05-08,1.0
811,90,23,5,1297.85,2023-09-13,0.3
812,25,32,4,5419.6,2023-07-13,0.21
813,63,3,1,777.11,2024-03-17,0.66
814,3,34,1,833.06,2025-01-05,0.31
815,79,13,1,2288.37,2024-11-11,0.72
816,23,21,1,2384.77,2024-08-13,0.57
817,19,50,1,1613.53,2023-09-28,0.0
818,47,5,4,5236.6,2023-09-08,1.0
819,76,7,2,2623.7,2024-03-26,1.0
820,18,11,6,6245.88,2025-01-30,0.29
821,63,42,2,244.28,2023-09-12,0.36
822,72,45,8,4239.36,2025-02-12,0.6
2822,72,46,8,14101.76,2025-02-12,0.62
823,76,12,3,2113.86,2023-12-28,0.73
824,89,19,1,605.06,2024-10-14,1.0
825,1,45,4,2119.68,2024-07-25,0.44
826,73,3,2,1554.22,2023-09-04,0.22
827,79,15,2,2414.6,2024-03-17,0.02
828,64,10,4,2470.16,2024-12-10,0.24
829,31,23,1,259.57,2025-02-23,0.49
830,12,46,3,5288.16,2024-06-14,1.0
831,34,14,3,6979.02,2024-07-05,0.32
832,45,17,1,521.0,2024-01-12,0.58
833,7,25,6,7118.94,2025-03-14,0.49
834,22,27,7,8211.42,2024-07-22,0.92
835,45,35,1,1276.67,2024-06-13,1.0
836,62,37,1,421.17,2023-09-19,0.31
837,10,3,1,777.11,2025-02-05,0.33
2837,10,4,1,1522.12,2025-02-05,0.87
838,14,5,1,1309.15,2024-03-12,0.74
839,94,5,10,13091.5,2025-02-13,1.0
840,44,39,8,5633.44,2023-12-12,0.7
841,91,2,7,1305.43,2024-07-07,0.37
842,22,39,2,1408.36,2024-07-24,0.71
843,13,22,3,3579.75,2024-02-22,0.89
844,53,45,7,3709.44,2025-03-03,0.79
845,34,43,2,1313.7,2024-10-12,0.68
846,13,4,4,6088.48,2024-04-01,0.87
847,63,10,1,617.54,2024-02-17,0.91
848,55,6,5,3350.5,2024-04-12,0.98
849,81,39,1,704.18,2025-03-26,0.73
850,4,14,3,6979.02,2025-02-04,0.44
851,11,31,1,330.28,2024-10-30,0.55
852,63,43,1,656.85,2024-09-04,0.92
853,70,25,1,1186.49,2024-11-26,0.21
854,49,24,2,3779.18,2024-07-11,0.63
855,34,29,2,257.22,2024-08-13,0.36
856,35,37,1,421.17,2024-08-28,0.51
857,90,43,1,656.85,2023-12-30,0.95
858,45,35,8,10213.36,2024-11-11,0.57
859,76,15,1,1207.3,2024-09-25,0.52
860,50,34,7,5831.42,2023-09-28,0.02
861,88,31,9,2972.52,2024-09-26,0.76
862,11,26,1,130.52,2023-05-21,0.73
863,67,37,2,842.34,2024-07-22,1.0
864,97,29,3,385.83,2024-02-08,0.39
865,22,14,1,2326.34,2025-01-13,0.58
866,55,6,2,1340.2,2024-05-18,0.59
867,81,10,3,1852.62,2025-02-05,1.0
868,94,5,1,1309.15,2025-03-28,0.47
869,42,18,5,4776.25,2025-04-12,0.6
870,2,45,6,3179.52,2023-09-29,0.71
871,15,27,1,1173.06,2024-07-21,0.57
872,76,38,2,2146.4,2023-08-30,0.34
873,73,50,1,1613.53,2023-05-31,0.57
874,69,23,2,519.14,2024-09-05,0.88
875,74,39,1,704.18,2025-04-19,0.14
876,36,26,2,261.04,2024-09-02,0.55
877,88,45,2,1059.84,2023-09-10,0.25
878,43,45,1,529.92,2023-11-12,0.92
879,35,24,1,1889.59,2024-12-20,0.0
880,39,20,5,4029.0,2025-01-20,0.3
881,90,44,2,4128.04,2023-07-21,0.63
882,30,9,5,3335.75,2024-04-28,1.0
883,57,50,2,3227.06,2024-03-05,0.48
884,54,39,1,704.18,2024-04-08,0.31
885,28,27,6,7038.36,2024-02-12,1.0
886,48,4,8,12176.96,2024-07-17,0.0
887,9,20,4,3223.2,2023-09-20,0.0
888,100,34,1,833.06,2025-01-08,0.65
889,25,13,1,2288.37,2024-01-13,0.32
890,59,4,4,6088.48,2023-10-15,0.14
891,36,24,4,7558.36,2024-05-06,0.75
892,82,8,1,352.99,2023-10-09,0.59
893,63,39,2,1408.36,2024-10-20,0.3
894,61,38,4,4292.8,2023-11-09,0.05
895,21,17,1,521.0,2024-03-11,0.81
896,50,4,3,4566.36,2024-04-16,0.73
897,100,14,3,6979.02,2024-06-06,0.47
898,87,14,4,9305.36,2023-07-06,1.0
899,66,2,1,186.49,2024-08-11,0.13
900,17,42,2,244.28,2025-01-09,0.0
901,2,15,4,4829.2,2025-01-29,0.26
902,40,46,3,5288.16,2024-02-02,0.48
903,49,23,3,778.71,2023-05-22,0.59
904,87,34,4,3332.24,2025-01-25,0.42
905,14,1,9,10562.94,2024-03-15,0.62
906,48,36,6,2712.18,2023-06-23,0.06
907,39,44,1,2064.02,2024-11-21,1.0
908,44,18,5,4776.25,2024-04-20,0.47
909,34,42,2,244.28,2024-03-08,0.89
910,67,49,3,3906.3,2024-05-08,0.62
911,77,26,4,522.08,2023-08-07,0.66
912,93,2,7,1305.43,2024-05-03,0.7
913,34,27,3,3519.18,2025-01-31,0.66
914,5,38,7,7512.4,2023-07-16,0.72
915,44,47,3,4579.77,2024-07-07,0.97
916,61,43,3,1970.55,2024-10-10,0.57
917,22,43,2,1313.7,2024-10-30,0.75
918,13,31,3,990.84,2024-12-04,0.47
919,72,49,3,3906.3,2023-07-27,1.0
920,84,6,2,1340.2,2023-09-19,0.26
921,96,20,6,4834.8,2024-08-20,1.0
922,43,24,3,5668.77,2024-06-08,0.49
923,60,8,1,352.99,2025-01-12,0.0
924,82,38,8,8585.6,2024-01-01,0.54
925,10,31,2,660.56,2025-02-18,0.26
926,49,34,2,1666.12,2025-01-30,0.79
927,20,9,1,667.15,2024-09-03,0.27
928,73,30,2,2492.18,2023-08-08,0.34
929,92,12,1,704.62,2024-05-25,0.0
930,81,12,4,2818.48,2024-04-14,0.34
931,1,29,1,128.61,2024-08-15,0.0
932,100,11,8,8327.84,2024-12-07,0.0
933,63,49,1,1302.1,2023-07-16,0.77
934,55,26,7,913.64,2024-08-09,0.78
935,50,1,1,1173.66,2024-11-21,0.65
936,2,21,3,7154.31,2023-07-06,0.16
937,81,47,1,1526.59,2025-01-18,0.48
938,40,9,1,667.15,2024-01-15,0.5
939,76,20,1,805.8,2024-09-03,0.09
940,6,20,3,2417.4,2024-06-17,1.0
941,67,39,4,2816.72,2024-07-22,0.81
942,88,9,5,3335.75,2023-09-01,0.42
943,63,23,1,259.57,2024-10-22,0.51
944,52,2,1,186.49,2025-04-13,0.57
945,17,14,1,2326.34,2023-09-30,0.0
946,22,8,4,1411.96,2024-06-01,0.41
947,5,25,5,5932.45,2025-01-13,0.26
948,80,4,8,12176.96,2023-05-26,0.15
949,85,7,1,1311.85,2024-10-22,0.4
950,15,27,3,3519.18,2024-06-26,1.0
951,71,17,5,2605.0,2024-01-30,0.72
952,27,45,1,529.92,2024-04-23,0.3
953,85,34,4,3332.24,2024-06-15,0.7
954,90,9,6,4002.9,2023-11-08,0.99
955,14,33,2,2406.26,2024-08-15,0.82
2955,14,34,2,1666.12,2024-08-15,0.52
956,14,32,2,2709.8,2023-10-24,0.27
957,100,17,9,4689.0,2024-05-20,0.74
958,46,46,3,5288.16,2024-01-17,0.64
959,6,36,7,3164.21,2024-08-29,0.81
960,89,31,2,660.56,2023-10-24,0.72
2960,89,32,2,2709.8,2023-10-24,0.87
961,12,8,6,2117.94,2023-05-23,0.31
962,20,6,2,1340.2,2023-05-31,0.96
963,93,7,4,5247.4,2024-08-05,0.57
964,59,19,3,1815.18,2024-09-12,1.0
965,13,12,1,704.62,2023-07-26,0.26
966,47,44,3,6192.06,2024-09-03,1.0
967,15,7,1,1311.85,2024-11-27,0.57
968,18,43,1,656.85,2024-10-29,0.27
969,57,40,5,736.4,2024-11-18,0.33
970,12,24,1,1889.59,2025-03-19,0.39
971,52,26,2,261.04,2024-06-27,0.65
972,50,45,6,3179.52,2023-07-24,0.68
973,22,8,3,1058.97,2024-05-25,0.3
974,8,11,1,1040.98,2025-04-19,0.49
975,76,31,6,1981.68,2024-01-03,1.0
2975,76,32,6,8129.4,2024-01-03,1.0
976,49,50,4,6454.12,2024-08-18,0.65
977,88,47,2,3053.18,2024-11-15,0.51
978,53,29,1,128.61,2024-08-30,0.54
979,84,21,1,2384.77,2024-06-14,0.71
980,99,48,7,5568.5,2024-07-19,0.14
981,29,43,3,1970.55,2024-04-18,0.41
982,89,45,2,1059.84,2024-04-23,0.0
983,32,31,4,1321.12,2023-11-12,0.64
984,20,36,2,904.06,2023-08-17,0.73
985,83,11,8,8327.84,2024-04-04,0.33
986,64,11,1,1040.98,2024-02-05,1.0
987,42,16,6,4358.1,2024-10-30,0.07
988,7,33,2,2406.26,2024-05-25,0.0
989,31,6,4,2680.4,2023-11-27,0.58
990,74,29,2,257.22,2024-07-30,0.87
991,58,21,2,4769.54,2025-03-02,1.0
992,3,7,3,3935.55,2024-09-12,0.34
993,72,36,2,904.06,2024-02-18,0.88
994,78,40,5,736.4,2024-07-17,0.49
995,72,14,6,13958.04,2023-09-15,0.44
996,47,4,3,4566.36,2023-06-22,0.81
997,43,36,6,2712.18,2025-01-17,0.73
998,92,43,4,2627.4,2024-08-02,0.0
999,15,7,1,1311.85,2024-11-26,1.0
1000,46,41,3,7458.57,2025-04-13,0.98
1001,48,45,1,529.92,2024-01-05,0.28
3001,48,46,1,1762.72,2024-01-05,0.64
1002,18,46,2,3525.44,2024-01-29,0.67
1003,79,13,1,2288.37,2023-08-01,0.59
1004,51,14,6,13958.04,2023-11-21,0.31
1005,25,46,1,1762.72,2025-03-13,0.26
1006,54,3,2,1554.22,2023-09-02,0.49
1007,59,43,9,5911.65,2024-07-23,0.91
1008,18,32,1,1354.9,2024-04-06,0.69
1009,7,36,7,3164.21,2024-11-09,0.37
1010,62,33,3,3609.39,2025-05-02,0.77
3010,62,34,3,2499.18,2025-05-02,0.0
1011,17,7,5,6559.25,2024-05-24,0.9
1012,78,21,7,16693.39,2023-06-08,0.0
1013,78,45,1,529.92,2023-08-25,0.37
1014,38,29,1,128.61,2025-01-22,0.11
1015,78,45,3,1589.76,2025-04-23,0.05
1016,41,46,6,10576.32,2024-12-02,0.91
1017,26,14,7,16284.38,2024-08-09,0.34
1018,88,23,3,778.71,2023-06-30,0.62
1019,23,33,7,8421.91,2024-02-24,0.48
1020,15,49,3,3906.3,2024-12-16,0.67
1021,86,46,5,8813.6,2025-03-16,0.53
1022,69,19,6,3630.36,2024-06-23,0.05
1023,67,7,1,1311.85,2023-06-23,0.85
1024,7,43,1,656.85,2023-09-27,0.33
1025,97,11,4,4163.92,2024-04-27,0.0
1026,19,4,2,3044.24,2024-01-16,0.35
1027,70,3,5,3885.55,2025-01-06,1.0
3027,70,4,5,7610.6,2025-01-06,0.8
1028,87,48,7,5568.5,2023-09-11,0.38
1029,96,42,4,488.56,2025-04-18,0.38
1030,66,45,4,2119.68,2023-12-07,0.39
3030,66,46,4,7050.88,2023-12-07,1.0
1031,49,25,7,8305.43,2024-08-31,0.63
1032,88,21,1,2384.77,2024-12-26,0.65
1033,26,40,6,883.68,2024-05-18,0.86
1034,82,46,4,7050.88,2024-08-31,0.58
1035,70,48,3,2386.5,2024-02-03,0.41
1036,93,13,3,6865.11,2024-10-23,0.43
1037,88,5,4,5236.6,2024-12-24,0.47
1038,16,25,1,1186.49,2025-02-12,0.49
1039,72,17,1,521.0,2024-08-16,0.75
1040,33,1,3,3520.98,2023-12-12,0.52
1041,6,10,3,1852.62,2024-01-03,0.76
1042,100,41,8,19889.52,2024-05-15,0.47
1043,39,32,5,6774.5,2024-12-18,0.53
1044,10,46,3,5288.16,2023-07-06,0.0
1045,24,34,1,833.06,2024-06-04,0.82
1046,21,27,5,5865.3,2023-11-18,0.62
1047,12,23,3,778.71,2024-11-29,0.85
1048,43,24,2,3779.18,2024-04-22,0.0
1049,97,40,5,736.4,2024-08-09,1.0
1050,72,49,1,1302.1,2025-01-28,0.45
1051,31,42,8,977.12,2023-11-08,0.89
1052,32,3,2,1554.22,2025-05-05,0.14
1053,15,25,3,3559.47,2023-06-02,0.71
1054,37,2,8,1491.92,2025-03-27,0.13
1055,48,33,5,6015.65,2023-11-28,0.28
3055,48,34,5,4165.3,2023-11-28,1.0
1056,84,13,3,6865.11,2024-06-26,0.43
1057,13,11,5,5204.9,2025-03-18,0.58
1058,81,5,3,3927.45,2024-06-25,0.8
1059,88,28,1,406.36,2023-05-18,0.67
1060,90,48,5,3977.5,2023-05-21,0.55
1061,10,48,1,795.5,2023-05-19,0.63
1062,92,22,1,1193.25,2024-02-21,1.0
1063,7,12,3,2113.86,2023-10-05,0.48
1064,74,15,3,3621.9,2023-08-21,0.57
1065,58,41,4,9944.76,2023-07-26,0.87
1066,3,25,1,1186.49,2025-01-09,0.89
1067,83,47,1,1526.59,2024-06-15,0.92
1068,6,45,1,529.92,2025-03-28,0.72
1069,38,44,4,8256.08,2024-06-29,0.1
1070,37,49,3,3906.3,2025-02-12,1.0
1071,4,31,2,660.56,2024-09-06,0.1
3071,4,32,2,2709.8,2024-09-06,0.61
1072,51,35,5,6383.35,2024-05-22,0.24
1073,19,20,5,4029.0,2023-08-21,0.48
1074,2,36,1,452.03,2025-01-23,0.62
1075,6,1,6,7041.96,2025-03-17,0.61
1076,11,20,3,2417.4,2024-01-25,0.65
1077,93,23,2,519.14,2024-10-15,1.0
1078,66,10,1,617.54,2023-12-21,0.66
1079,79,17,1,521.0,2024-02-16,0.41
1080,86,37,2,842.34,2025-02-02,0.84
1081,71,30,1,1246.09,2024-08-02,0.92
1082,86,5,1,1309.15,2024-08-08,0.07
1083,63,22,1,1193.25,2023-10-26,0.71
1084,84,16,1,726.35,2023-10-09,0.75
1085,9,13,3,6865.11,2025-04-07,0.4
1086,43,40,4,589.12,2024-11-01,0.98
1087,20,37,4,1684.68,2024-07-06,0.45
1088,41,28,1,406.36,2023-09-22,0.54
1089,32,15,2,2414.6,2025-01-01,0.44
1090,47,9,5,3335.75,2025-03-16,0.51
1091,60,29,4,514.44,2023-12-20,0.12
1092,63,36,1,452.03,2023-08-19,0.0
1093,78,6,4,2680.4,2023-08-19,1.0
1094,18,35,1,1276.67,2024-01-21,0.2
1095,81,5,2,2618.3,2024-12-27,0.15
1096,81,2,6,1118.94,2023-12-25,0.0
1097,99,38,4,4292.8,2024-12-23,0.28
1098,71,17,8,4168.0,2024-07-02,0.04
1099,70,31,2,660.56,2023-08-16,1.0
3099,70,32,2,2709.8,2023-08-16,0.85
1100,99,38,1,1073.2,2025-03-24,0.26
1101,65,33,1,1203.13,2025-03-19,1.0
1102,85,16,6,4358.1,2023-12-21,0.84
1103,97,33,2,2406.26,2025-04-12,0.39
3103,97,34,2,1666.12,2025-04-12,0.0
1104,73,43,3,1970.55,2023-08-03,1.0
1105,62,23,1,259.57,2024-05-21,0.01
1106,9,17,2,1042.0,2024-08-16,0.0
1107,86,14,9,20937.06,2024-09-10,0.86
1108,47,25,6,7118.94,2023-11-07,1.0
1109,6,3,1,777.11,2023-11-10,0.98
1110,82,18,3,2865.75,2023-08-20,0.7
1111,73,12,5,3523.1,2023-11-30,0.71
1112,47,38,1,1073.2,2025-01-04,0.8
1113,49,15,4,4829.2,2025-03-19,0.77
1114,45,32,7,9484.3,2024-03-26,0.6
1115,1,33,2,2406.26,2023-12-15,0.54
3115,1,34,2,1666.12,2023-12-15,0.48
1116,66,42,1,122.14,2024-08-13,0.24
1117,24,11,3,3122.94,2023-05-28,0.4
1118,16,43,2,1313.7,2023-09-21,0.0
1119,43,47,1,1526.59,2024-06-23,0.47
1120,27,38,2,2146.4,2024-04-28,0.15
1121,53,2,1,186.49,2024-10-25,0.11
1122,74,38,1,1073.2,2024-08-13,0.56
1123,66,3,2,1554.22,2024-03-08,0.99
3123,66,4,2,3044.24,2024-03-08,0.82
1124,24,34,5,4165.3,2024-09-25,0.0
1125,73,41,2,4972.38,2023-09-25,0.15
1126,94,43,5,3284.25,2024-05-16,0.83
1127,28,29,9,1157.49,2024-04-28,0.16
1128,62,11,3,3122.94,2023-07-19,0.42
1129,77,10,8,4940.32,2025-04-28,0.69
1130,24,40,4,589.12,2023-06-02,0.16
1131,93,44,5,10320.1,2023-09-22,0.54
1132,77,38,1,1073.2,2025-04-20,0.03
1133,50,9,1,667.15,2023-10-24,0.29
1134,67,33,6,7218.78,2023-05-18,0.61
1135,23,31,6,1981.68,2024-08-30,0.0
1136,69,33,1,1203.13,2023-12-07,0.65
1137,78,35,2,2553.34,2025-04-04,0.49
1138,100,44,4,8256.08,2024-06-29,0.69
1139,48,3,5,3885.55,2023-09-28,0.58
1140,62,50,3,4840.59,2024-02-01,0.98
1141,95,49,2,2604.2,2023-07-25,0.54
3141,95,50,2,3227.06,2023-07-25,0.35
1142,62,50,4,6454.12,2024-11-25,0.54
1143,11,19,9,5445.54,2025-04-21,0.69
1144,53,17,1,521.0,2023-12-09,0.52
1145,96,1,5,5868.3,2024-07-05,0.51
1146,49,42,3,366.42,2025-04-04,0.25
1147,41,27,2,2346.12,2023-06-26,0.27
1148,55,42,3,366.42,2024-06-09,0.01
1149,69,28,4,1625.44,2024-08-23,1.0
1150,36,44,6,12384.12,2025-03-15,0.06
1151,53,36,5,2260.15,2024-05-29,0.26
1152,48,36,5,2260.15,2025-01-09,0.25
1153,40,37,5,2105.85,2024-11-19,0.81
1154,51,48,3,2386.5,2024-10-21,0.4
1155,85,8,2,705.98,2024-06-01,0.94
1156,90,11,1,1040.98,2025-03-22,0.26
1157,52,22,6,7159.5,2023-12-18,0.6
1158,88,46,1,1762.72,2023-12-13,0.21
1159,82,1,2,2347.32,2024-06-22,1.0
1160,77,28,1,406.36,2025-02-14,0.08
1161,29,24,1,1889.59,2024-05-11,0.61
1162,93,25,5,5932.45,2024-09-18,0.72
1163,67,19,1,605.06,2024-10-25,0.64
1164,100,12,4,2818.48,2024-04-10,0.44
1165,26,43,3,1970.55,2024-02-07,0.45
1166,5,39,5,3520.9,2024-09-08,0.52
1167,30,40,2,294.56,2023-07-10,0.45
1168,47,16,2,1452.7,2023-06-11,0.84
1169,12,18,3,2865.75,2024-04-25,1.0
1170,51,26,3,391.56,2023-10-11,0.3
1171,2,48,2,1591.0,2024-06-17,0.02
1172,71,19,8,4840.48,2023-07-17,0.47
1173,45,23,2,519.14,2024-01-08,1.0
1174,59,26,2,261.04,2023-09-08,0.22
1175,23,27,2,2346.12,2024-05-05,1.0
1176,10,33,2,2406.26,2023-09-05,1.0
3176,10,34,2,1666.12,2023-09-05,0.31
1177,66,17,7,3647.0,2023-11-09,0.7
1178,74,17,8,4168.0,2025-02-07,1.0
1179,73,31,3,990.84,2024-06-28,0.37
1180,59,44,7,14448.14,2024-07-12,0.43
1181,4,31,1,330.28,2023-10-06,0.3
1182,29,44,3,6192.06,2024-11-22,0.14
1183,53,23,5,1297.85,2024-04-20,0.27
1184,34,16,2,1452.7,2023-05-16,0.07
1185,87,48,1,795.5,2024-09-12,0.51
1186,23,31,2,660.56,2025-02-04,0.23
1187,35,12,2,1409.24,2024-03-03,0.58
1188,26,16,3,2179.05,2024-11-13,0.0
1189,27,15,3,3621.9,2024-11-24,0.62
1190,80,23,3,778.71,2024-09-23,0.79
3190,80,24,3,5668.77,2024-09-23,0.0
1191,11,44,5,10320.1,2023-07-15,0.63
1192,98,35,2,2553.34,2025-02-02,0.93
1193,48,40,3,441.84,2025-02-26,0.08
1194,74,18,2,1910.5,2023-05-31,1.0
1195,98,33,3,3609.39,2024-03-30,0.65
1196,17,4,7,10654.84,2024-02-07,0.25
1197,62,35,1,1276.67,2023-07-18,0.48
1198,51,44,2,4128.04,2025-05-13,0.7
1199,16,45,5,2649.6,2024-10-15,0.53
1200,2,44,2,4128.04,2023-10-16,0.69
1201,13,21,3,7154.31,2023-11-15,0.18
3201,13,22,3,3579.75,2023-11-15,0.56
1202,71,17,1,521.0,2023-10-25,0.01
1203,79,22,2,2386.5,2023-06-12,0.46
1204,55,14,6,13958.04,2024-12-11,0.18
1205,48,24,2,3779.18,2025-02-04,0.24
1206,24,37,4,1684.68,2024-03-19,0.93
1207,88,15,1,1207.3,2023-08-01,0.88
1208,31,36,6,2712.18,2023-09-20,0.71
1209,26,10,2,1235.08,2024-11-05,0.12
1210,2,12,4,2818.48,2025-03-22,0.39
1211,81,34,7,5831.42,2024-05-16,0.92
1212,63,20,3,2417.4,2024-05-13,0.55
1213,73,4,2,3044.24,2023-11-13,1.0
1214,21,4,3,4566.36,2025-01-20,0.64
1215,61,41,1,2486.19,2023-10-07,0.57
1216,43,17,2,1042.0,2024-07-08,0.39
1217,72,17,1,521.0,2023-06-16,0.55
1218,16,23,2,519.14,2024-09-27,0.45
1219,84,35,3,3830.01,2023-12-20,0.75
1220,37,23,4,1038.28,2024-08-25,0.83
1221,95,29,1,128.61,2023-11-29,0.22
1222,37,30,3,3738.27,2024-04-01,0.03
1223,82,22,5,5966.25,2024-07-01,0.0
1224,74,26,1,130.52,2023-12-30,0.68
1225,44,15,2,2414.6,2023-09-28,0.11
1226,38,46,4,7050.88,2024-10-21,0.0
1227,51,18,6,5731.5,2024-04-06,0.64
1228,47,48,5,3977.5,2024-09-06,1.0
1229,58,27,1,1173.06,2024-10-03,0.5
1230,3,9,2,1334.3,2023-10-13,0.79
1231,96,45,1,529.92,2023-07-19,0.53
1232,13,5,4,5236.6,2024-01-06,0.47
3232,13,6,4,2680.4,2024-01-06,0.82
1233,51,34,1,833.06,2023-12-26,0.4
1234,80,10,1,617.54,2024-08-21,0.59
1235,50,20,1,805.8,2024-08-25,0.61
1236,37,29,1,128.61,2025-04-21,0.27
1237,22,2,1,186.49,2025-03-14,0.85
1238,42,31,7,2311.96,2023-09-06,0.44
1239,35,36,2,904.06,2024-03-20,0.24
1240,90,35,2,2553.34,2024-11-25,0.69
1241,59,41,4,9944.76,2024-08-13,0.19
1242,82,41,4,9944.76,2023-11-20,0.51
1243,45,31,2,660.56,2025-02-21,0.5
3243,45,32,2,2709.8,2025-02-21,0.88
1244,40,24,2,3779.18,2024-08-28,0.67
1245,39,1,1,1173.66,2024-02-29,0.49
1246,18,23,3,778.71,2024-07-01,0.79
3246,18,24,3,5668.77,2024-07-01,0.99
1247,63,49,3,3906.3,2023-09-01,0.7
1248,38,39,3,2112.54,2023-11-12,0.5
1249,71,24,2,3779.18,2023-05-30,0.04
1250,72,28,3,1219.08,2023-05-25,0.13
1251,92,48,7,5568.5,2024-12-16,0.39
1252,29,17,1,521.0,2024-01-22,0.29
1253,31,34,7,5831.42,2023-08-02,0.43
1254,88,18,4,3821.0,2024-07-03,0.52
1255,69,18,1,955.25,2025-04-17,0.69
1256,9,12,1,704.62,2024-01-05,0.48
1257,82,30,5,6230.45,2024-05-15,0.67
1258,90,40,2,294.56,2023-11-14,0.52
1259,3,10,2,1235.08,2024-08-22,0.0
1260,3,12,1,704.62,2024-07-22,0.17
1261,17,46,6,10576.32,2025-04-19,0.45
1262,30,6,1,670.1,2023-10-18,0.08
1263,28,22,3,3579.75,2024-09-01,0.71
1264,64,24,5,9447.95,2024-10-12,1.0
1265,5,22,2,2386.5,2024-11-16,0.93
1266,19,4,4,6088.48,2023-05-31,0.43
1267,10,35,2,2553.34,2024-05-09,1.0
1268,33,25,1,1186.49,2025-02-17,0.55
1269,99,46,2,3525.44,2024-08-21,0.38
1270,57,16,1,726.35,2023-11-18,0.29
1271,95,50,1,1613.53,2024-05-03,0.39
1272,27,31,5,1651.4,2024-10-29,0.36
1273,42,11,1,1040.98,2024-10-14,0.56
1274,71,34,1,833.06,2023-09-20,0.56
1275,82,20,2,1611.6,2024-04-20,0.5
1276,7,43,4,2627.4,2025-01-24,0.65
1277,31,41,3,7458.57,2024-06-10,0.92
1278,22,18,2,1910.5,2024-05-17,0.83
1279,32,1,1,1173.66,2024-01-31,0.0
1280,89,39,1,704.18,2025-05-04,0.0
1281,12,16,2,1452.7,2024-01-14,0.83
1282,88,40,5,736.4,2024-06-17,0.02
1283,98,41,1,2486.19,2024-11-14,0.42
1284,83,10,8,4940.32,2024-12-22,0.09
1285,17,32,1,1354.9,2024-01-04,0.0
1286,72,42,4,488.56,2023-07-11,0.69
1287,57,47,1,1526.59,2024-06-07,0.77
1288,93,9,5,3335.75,2023-09-29,0.3
1289,63,46,4,7050.88,2024-11-09,0.0
1290,70,45,2,1059.84,2024-03-18,0.31
3290,70,46,2,3525.44,2024-03-18,0.64
1291,45,21,2,4769.54,2024-11-12,0.0
1292,71,11,1,1040.98,2024-01-18,0.56
1293,58,19,3,1815.18,2024-07-02,0.49
1294,59,1,4,4694.64,2023-05-15,0.7
3294,59,2,4,745.96,2023-05-15,0.54
1295,3,40,5,736.4,2024-12-07,0.16
1296,31,21,1,2384.77,2024-02-05,0.92
1297,50,13,7,16018.59,2025-01-25,0.44
1298,99,36,2,904.06,2025-03-21,0.49
1299,42,27,1,1173.06,2024-11-07,0.17
1300,67,43,1,656.85,2023-08-17,0.34
1301,17,12,1,704.62,2025-01-23,0.19
1302,63,13,1,2288.37,2023-11-06,0.44
1303,83,25,4,4745.96,2025-02-20,1.0
1304,90,38,1,1073.2,2024-06-10,0.02
1305,29,39,1,704.18,2025-02-27,0.0
1306,27,42,6,732.84,2023-07-11,1.0
1307,11,30,1,1246.09,2025-01-17,0.43
1308,96,27,4,4692.24,2023-07-23,0.27
1309,8,40,3,441.84,2024-12-17,0.86
1310,94,5,1,1309.15,2024-03-13,0.29
3310,94,6,1,670.1,2024-03-13,1.0
1311,67,7,1,1311.85,2024-09-06,0.74
1312,69,25,1,1186.49,2023-06-26,0.33
1313,85,16,6,4358.1,2024-02-09,1.0
1314,23,36,4,1808.12,2025-03-01,0.29
1315,14,50,4,6454.12,2023-12-09,0.76
1316,59,45,6,3179.52,2023-11-15,0.6
3316,59,46,6,10576.32,2023-11-15,0.96
1317,24,36,4,1808.12,2024-09-17,1.0
1318,85,11,9,9368.82,2024-05-14,0.51
1319,57,23,3,778.71,2023-05-19,0.24
1320,48,27,6,7038.36,2023-09-14,0.66
1321,42,39,2,1408.36,2024-11-05,0.26
1322,28,25,9,10678.41,2024-05-15,1.0
1323,33,24,4,7558.36,2023-07-25,0.55
1324,51,1,2,2347.32,2025-02-10,0.37
1325,67,9,1,667.15,2024-04-21,0.56
1326,29,14,1,2326.34,2024-02-20,0.03
1327,89,18,5,4776.25,2024-11-11,0.16
1328,74,37,1,421.17,2024-12-23,0.92
1329,59,23,1,259.57,2024-10-04,0.27
1330,75,16,1,726.35,2024-04-23,0.13
1331,39,6,4,2680.4,2024-02-23,0.69
1332,28,47,1,1526.59,2023-06-22,0.91
1333,23,32,8,10839.2,2025-05-10,0.75
1334,13,39,1,704.18,2023-10-18,0.85
1335,74,25,1,1186.49,2024-06-19,0.24
1336,99,22,5,5966.25,2024-06-17,0.0
1337,56,27,2,2346.12,2024-09-08,1.0
1338,30,48,8,6364.0,2023-12-08,0.39
1339,82,50,1,1613.53,2025-04-15,0.41
1340,68,3,3,2331.33,2025-04-17,0.96
3340,68,4,3,4566.36,2025-04-17,0.69
1341,65,45,1,529.92,2024-12-23,0.66
1342,51,29,6,771.66,2023-12-03,1.0
1343,12,15,3,3621.9,2023-11-05,0.27
1344,51,10,1,617.54,2024-12-24,0.82
1345,61,37,1,421.17,2023-11-24,0.52
1346,34,6,4,2680.4,2024-08-10,0.59
1347,100,45,3,1589.76,2024-02-21,1.0
1348,26,32,5,6774.5,2023-09-28,0.68
1349,26,36,10,4520.3,2024-10-27,0.69
1350,68,16,1,726.35,2025-02-02,0.88
1351,100,28,4,1625.44,2025-04-05,0.37
1352,74,6,1,670.1,2025-02-19,0.21
1353,55,24,2,3779.18,2023-06-11,0.13
1354,45,39,1,704.18,2023-11-24,0.0
1355,22,23,7,1816.99,2023-06-03,1.0
1356,80,10,1,617.54,2023-12-15,0.11
1357,30,13,2,4576.74,2023-07-05,0.42
1358,94,6,1,670.1,2024-11-02,0.4
1359,32,40,3,441.84,2024-11-08,0.61
1360,37,1,4,4694.64,2024-11-28,0.79
3360,37,2,4,745.96,2024-11-28,0.8
1361,58,31,1,330.28,2024-05-28,0.3
1362,28,14,5,11631.7,2023-11-16,0.44
1363,34,36,5,2260.15,2024-03-10,0.6
1364,19,45,1,529.92,2024-04-27,0.41
1365,68,3,1,777.11,2024-05-11,1.0
3365,68,4,1,1522.12,2024-05-11,0.67
1366,90,40,1,147.28,2025-03-16,0.76
1367,84,1,1,1173.66,2024-04-20,0.73
3367,84,2,1,186.49,2024-04-20,0.91
1368,85,24,1,1889.59,2024-06-14,0.56
1369,84,25,3,3559.47,2023-10-03,0.05
1370,66,46,2,3525.44,2023-11-06,0.64
1371,63,39,1,704.18,2024-08-11,0.27
1372,26,33,4,4812.52,2025-01-29,0.31
1373,6,16,3,2179.05,2024-03-06,0.71
1374,63,26,1,130.52,2024-03-06,0.93
1375,88,23,4,1038.28,2024-02-14,0.51
3375,88,24,4,7558.36,2024-02-14,0.61
1376,65,18,1,955.25,2023-09-04,1.0
1377,50,2,9,1678.41,2024-10-25,0.58
1378,29,10,5,3087.7,2024-06-17,1.0
1379,85,9,1,667.15,2023-08-14,0.7
1380,67,44,8,16512.16,2024-09-16,0.0
1381,88,15,3,3621.9,2023-06-10,0.76
1382,20,28,6,2438.16,2025-02-14,0.63
1383,43,29,1,128.61,2025-04-17,0.95
1384,84,9,5,3335.75,2023-07-25,0.74
1385,26,9,4,2668.6,2023-12-10,0.45
1386,68,9,8,5337.2,2024-07-23,0.07
1387,99,10,8,4940.32,2024-03-27,0.43
1388,41,5,5,6545.75,2024-10-20,0.2
1389,24,21,3,7154.31,2023-12-19,0.3
1390,53,27,3,3519.18,2024-05-05,0.71
1391,82,48,1,795.5,2025-01-25,1.0
1392,25,7,1,1311.85,2023-12-15,0.64
1393,98,40,3,441.84,2023-11-30,0.08
1394,73,40,2,294.56,2024-01-22,0.66
1395,30,44,1,2064.02,2024-08-10,0.92
1396,89,50,2,3227.06,2023-09-05,0.29
1397,78,31,1,330.28,2024-06-22,0.45
1398,61,9,1,667.15,2023-09-28,0.51
1399,5,27,2,2346.12,2024-12-28,0.23
1400,53,15,3,3621.9,2024-07-02,0.73
1401,9,12,7,4932.34,2025-04-12,0.46
1402,63,45,4,2119.68,2023-08-08,0.65
1403,55,26,1,130.52,2024-06-10,0.19
1404,49,47,2,3053.18,2024-04-27,0.35
1405,74,39,5,3520.9,2024-08-21,0.75
1406,91,3,1,777.11,2025-04-22,0.37
1407,6,16,5,3631.75,2023-06-12,1.0
1408,95,3,4,3108.44,2024-03-17,0.36
1409,7,13,3,6865.11,2025-05-08,0.58
1410,39,50,3,4840.59,2023-10-20,0.83
1411,55,19,8,4840.48,2023-12-12,0.0
1412,89,34,2,1666.12,2024-03-08,0.0
1413,83,29,1,128.61,2023-06-24,0.0
1414,15,12,9,6341.58,2025-01-30,0.94
1415,90,35,2,2553.34,2024-05-08,0.31
1416,42,29,1,128.61,2024-03-01,1.0
1417,76,46,3,5288.16,2024-06-23,0.3
1418,12,17,4,2084.0,2024-08-23,0.56
1419,92,11,1,1040.98,2024-10-01,1.0
1420,91,29,1,128.61,2023-08-18,1.0
1421,91,25,6,7118.94,2024-04-27,1.0
1422,21,25,4,4745.96,2024-06-01,0.92
1423,99,11,3,3122.94,2024-08-08,0.86
1424,85,10,3,1852.62,2023-07-18,0.71
1425,23,50,1,1613.53,2024-03-01,0.77
1426,40,47,2,3053.18,2025-01-16,0.31
3426,40,48,2,1591.0,2025-01-16,0.21
1427,17,13,1,2288.37,2024-05-19,0.5
1428,33,1,4,4694.64,2024-12-31,0.44
1429,1,39,2,1408.36,2024-09-03,0.34
1430,76,43,4,2627.4,2023-12-30,0.74
1431,57,6,6,4020.6,2023-06-28,0.83
1432,32,36,4,1808.12,2024-08-15,0.53
1433,72,14,1,2326.34,2023-06-16,1.0
1434,8,42,1,122.14,2024-03-28,0.1
1435,5,43,7,4597.95,2023-08-31,0.43
1436,39,22,1,1193.25,2024-11-30,0.25
1437,54,12,3,2113.86,2025-02-12,0.0
1438,79,43,6,3941.1,2024-04-20,0.47
1439,72,12,6,4227.72,2024-10-27,0.46
1440,47,3,2,1554.22,2025-03-23,1.0
1441,49,5,7,9164.05,2025-02-05,0.72
3441,49,6,7,4690.7,2025-02-05,0.14
1442,61,9,1,667.15,2024-05-16,1.0
1443,36,22,4,4773.0,2024-04-17,0.93
1444,27,45,2,1059.84,2024-01-28,0.7
3444,27,46,2,3525.44,2024-01-28,0.42
1445,94,41,10,24861.9,2024-12-16,0.16
1446,62,47,9,13739.31,2024-05-31,0.37
1447,37,28,8,3250.88,2024-08-17,0.88
1448,34,34,10,8330.6,2025-03-07,1.0
1449,46,9,5,3335.75,2024-02-15,1.0
1450,67,47,4,6106.36,2024-09-15,0.33
3450,67,48,4,3182.0,2024-09-15,0.11
1451,79,15,5,6036.5,2023-09-06,0.55
1452,1,8,1,352.99,2025-03-09,0.0
1453,16,48,3,2386.5,2025-01-12,0.61
1454,54,27,1,1173.06,2024-02-19,0.45
1455,72,41,1,2486.19,2024-06-26,0.34
1456,26,45,1,529.92,2025-03-11,0.0
3456,26,46,1,1762.72,2025-03-11,0.68
1457,39,33,4,4812.52,2023-11-25,0.31
3457,39,34,4,3332.24,2023-11-25,0.09
1458,88,22,3,3579.75,2023-06-29,0.0
1459,73,40,1,147.28,2023-07-05,0.49
1460,25,22,5,5966.25,2023-05-29,1.0
1461,62,31,1,330.28,2024-04-19,1.0
1462,81,30,9,11214.81,2025-04-25,0.34
1463,60,27,2,2346.12,2024-10-21,0.29
1464,39,37,3,1263.51,2023-05-14,0.66
1465,3,14,6,13958.04,2023-05-30,0.15
1466,46,5,1,1309.15,2023-11-21,0.61
3466,46,6,1,670.1,2023-11-21,0.77
1467,49,41,8,19889.52,2024-08-19,0.93
1468,74,39,2,1408.36,2024-12-24,0.46
1469,15,49,4,5208.4,2024-07-20,0.43
1470,5,18,1,955.25,2024-07-14,0.19
1471,31,24,6,11337.54,2023-07-17,0.21
1472,39,14,3,6979.02,2025-03-23,0.42
1473,15,24,1,1889.59,2024-07-12,0.63
1474,12,29,1,128.61,2024-12-04,0.82
1475,62,33,1,1203.13,2023-07-01,0.22
1476,94,34,4,3332.24,2024-04-22,1.0
1477,19,50,1,1613.53,2023-09-05,0.41
1478,67,44,1,2064.02,2024-10-12,0.49
1479,5,30,5,6230.45,2024-03-03,0.24
1480,67,8,1,352.99,2024-01-03,0.0
1481,6,44,7,14448.14,2023-07-24,0.81
1482,43,30,1,1246.09,2025-04-07,0.76
1483,99,43,1,656.85,2024-03-23,0.4
1484,98,20,2,1611.6,2023-10-12,0.52
1485,25,19,3,1815.18,2023-06-04,0.68
1486,99,29,1,128.61,2025-05-08,0.0
1487,21,18,1,955.25,2025-05-06,0.31
1488,80,36,1,452.03,2025-02-07,0.78
1489,70,23,4,1038.28,2023-07-08,0.06
3489,70,24,4,7558.36,2023-07-08,0.6
1490,91,19,3,1815.18,2024-04-30,0.03
1491,10,20,9,7252.2,2024-08-12,0.66
1492,70,29,1,128.61,2024-12-03,0.49
1493,61,44,1,2064.02,2023-05-27,0.0
1494,7,6,3,2010.3,2023-06-30,0.91
1495,91,39,6,4225.08,2023-06-30,0.24
1496,89,45,5,2649.6,2024-04-15,0.22
1497,26,46,1,1762.72,2024-08-15,0.57
1498,97,49,5,6510.5,2025-02-10,0.9
3498,97,50,5,8067.65,2025-02-10,0.14
1499,90,30,1,1246.09,2023-12-24,0.52
1500,88,42,4,488.56,2023-10-22,0.65
1501,29,10,3,1852.62,2025-01-31,0.74
1502,47,26,3,391.56,2023-12-05,0.56
1503,86,22,3,3579.75,2023-06-03,0.37
1504,4,5,1,1309.15,2024-08-02,0.21
1505,22,19,4,2420.24,2025-03-03,0.53
1506,17,33,1,1203.13,2025-03-23,0.12
1507,14,21,7,16693.39,2025-01-26,0.0
1508,69,30,5,6230.45,2024-11-21,0.65
1509,31,40,2,294.56,2024-05-02,0.82
1510,62,25,1,1186.49,2023-12-27,0.0
1511,89,38,6,6439.2,2025-01-27,0.15
1512,56,37,3,1263.51,2024-03-09,0.72
1513,31,12,1,704.62,2023-07-29,1.0
1514,92,37,1,421.17,2024-06-05,0.51
1515,77,30,3,3738.27,2024-09-09,0.25
1516,57,12,5,3523.1,2024-06-08,0.44
1517,9,39,1,704.18,2025-02-17,0.98
1518,77,50,3,4840.59,2024-11-18,0.27
1519,83,43,1,656.85,2024-02-22,0.22
1520,18,38,1,1073.2,2024-01-15,0.33
1521,85,10,4,2470.16,2024-12-26,0.17
1522,50,40,5,736.4,2024-03-30,0.54
1523,27,44,2,4128.04,2023-11-07,1.0
1524,87,20,6,4834.8,2025-01-05,0.61
1525,45,6,1,670.1,2024-03-27,0.41
1526,66,26,3,391.56,2025-03-05,0.4
1527,8,24,10,18895.9,2025-03-06,0.0
1528,1,46,8,14101.76,2024-03-19,0.81
1529,46,8,5,1764.95,2023-11-18,0.47
1530,31,28,4,1625.44,2024-06-12,0.44
1531,41,46,3,5288.16,2024-09-25,1.0
1532,56,35,3,3830.01,2024-08-20,0.6
1533,61,9,2,1334.3,2023-10-19,0.24
1534,47,27,1,1173.06,2023-07-14,0.35
1535,86,9,1,667.15,2023-08-07,0.9
1536,83,2,3,559.47,2023-06-29,0.54
1537,63,43,7,4597.95,2024-05-24,0.0
1538,18,6,2,1340.2,2024-06-21,0.82
1539,54,30,9,11214.81,2024-08-01,0.27
1540,80,12,4,2818.48,2023-08-10,1.0
1541,71,29,3,385.83,2023-05-30,0.88
1542,24,28,2,812.72,2023-09-02,0.34
1543,64,47,3,4579.77,2023-05-19,0.95
3543,64,48,3,2386.5,2023-05-19,0.52
1544,70,37,1,421.17,2024-06-20,0.8
1545,5,37,6,2527.02,2024-10-26,0.67
1546,15,38,7,7512.4,2024-07-05,0.2
1547,11,10,9,5557.86,2023-12-30,0.27
1548,97,50,3,4840.59,2023-07-22,0.86
1549,11,34,1,833.06,2025-01-31,0.38
1550,61,41,1,2486.19,2025-04-28,0.36
1551,70,38,4,4292.8,2024-06-30,0.17
1552,44,35,1,1276.67,2024-07-29,0.65
1553,66,31,7,2311.96,2024-10-05,1.0
1554,38,19,1,605.06,2024-05-17,0.13
1555,77,48,4,3182.0,2023-12-13,0.51
1556,73,17,1,521.0,2024-03-03,0.99
1557,75,11,2,2081.96,2023-09-16,0.47
1558,38,48,1,795.5,2024-08-29,0.66
1559,63,6,2,1340.2,2024-03-22,0.13
1560,36,17,2,1042.0,2025-02-13,0.65
1561,36,17,1,521.0,2023-07-02,0.43
1562,78,12,7,4932.34,2023-09-10,0.85
1563,85,29,5,643.05,2025-01-06,0.92
1564,34,45,2,1059.84,2025-01-07,1.0
1565,5,22,2,2386.5,2023-07-07,0.7
1566,77,10,6,3705.24,2024-08-01,0.61
1567,53,50,2,3227.06,2024-09-05,0.57
1568,57,47,1,1526.59,2025-03-06,0.38
1569,45,4,4,6088.48,2023-07-06,0.62
1570,15,4,2,3044.24,2024-12-21,0.4
1571,61,20,6,4834.8,2025-05-05,0.56
1572,97,35,2,2553.34,2023-08-22,0.96
1573,91,25,2,2372.98,2024-08-19,0.15
1574,68,28,1,406.36,2024-07-27,0.9
1575,58,25,5,5932.45,2024-01-17,0.96
1576,88,3,2,1554.22,2023-05-28,0.46
1577,56,40,2,294.56,2024-10-27,0.0
1578,35,7,4,5247.4,2023-12-26,0.29
1579,51,30,3,3738.27,2023-10-26,0.95
1580,76,50,2,3227.06,2024-05-03,0.49
1581,87,45,1,529.92,2023-09-10,0.15
3581,87,46,1,1762.72,2023-09-10,0.32
1582,2,5,1,1309.15,2023-06-25,0.79
1583,88,29,2,257.22,2024-03-25,0.69
1584,37,17,1,521.0,2024-03-01,0.42
1585,80,6,2,1340.2,2024-05-20,0.37
1586,85,14,6,13958.04,2023-10-07,0.36
1587,91,8,2,705.98,2024-05-15,0.18
1588,17,25,7,8305.43,2023-05-25,1.0
1589,24,8,1,352.99,2023-10-11,0.39
1590,60,43,1,656.85,2025-04-10,0.93
1591,36,50,6,9681.18,2025-04-17,1.0
1592,86,50,2,3227.06,2023-10-18,0.85
1593,100,5,4,5236.6,2023-11-30,0.35
1594,43,4,6,9132.72,2024-12-05,0.64
1595,34,12,2,1409.24,2023-10-25,0.49
1596,26,40,2,294.56,2024-09-22,0.18
1597,63,7,2,2623.7,2024-11-11,0.61
1598,56,14,6,13958.04,2023-08-06,0.09
1599,57,46,1,1762.72,2023-07-14,0.92
1600,10,5,7,9164.05,2024-10-01,0.34
1601,3,32,3,4064.7,2024-09-07,0.57
1602,1,3,3,2331.33,2023-06-03,0.6
1603,51,37,1,421.17,2025-03-12,0.41
1604,99,32,4,5419.6,2024-01-18,0.71
1605,94,50,1,1613.53,2024-05-15,0.33
1606,1,25,1,1186.49,2025-01-18,0.8
1607,69,23,4,1038.28,2023-10-04,0.03
1608,81,42,1,122.14,2023-08-10,0.54
1609,44,6,6,4020.6,2024-07-17,1.0
1610,38,42,1,122.14,2024-06-18,0.15
1611,6,25,1,1186.49,2024-07-16,0.26
1612,50,7,3,3935.55,2023-10-30,0.68
1613,81,29,1,128.61,2024-01-30,0.56
1614,25,2,3,559.47,2024-05-15,0.62
1615,50,5,6,7854.9,2023-06-02,0.67
1616,58,2,1,186.49,2024-09-25,0.72
1617,44,47,1,1526.59,2024-12-02,0.89
3617,44,48,1,795.5,2024-12-02,0.64
1618,84,43,5,3284.25,2023-08-07,0.42
1619,87,35,3,3830.01,2023-09-24,0.74
1620,30,5,1,1309.15,2024-04-15,1.0
1621,3,31,1,330.28,2025-05-13,0.45
1622,17,1,3,3520.98,2025-05-13,0.16
1623,13,30,3,3738.27,2023-06-12,0.89
1624,76,5,1,1309.15,2024-05-10,0.46
1625,79,15,2,2414.6,2025-01-27,0.0
1626,55,22,3,3579.75,2023-05-30,0.8
1627,88,37,2,842.34,2024-01-18,0.31
1628,28,49,1,1302.1,2024-05-13,0.47
1629,16,18,3,2865.75,2023-06-06,0.62
1630,22,45,3,1589.76,2023-12-19,0.57
1631,75,3,1,777.11,2025-04-10,0.75
1632,79,25,1,1186.49,2023-11-20,0.35
1633,63,6,1,670.1,2024-06-17,0.68
1634,12,46,7,12339.04,2023-06-26,0.41
1635,54,45,5,2649.6,2023-08-18,0.76
3635,54,46,5,8813.6,2023-08-18,0.72
1636,82,18,5,4776.25,2023-06-24,0.17
1637,31,12,7,4932.34,2024-04-08,0.88
1638,77,12,5,3523.1,2024-04-15,0.31
1639,12,41,2,4972.38,2023-11-15,0.78
1640,1,36,1,452.03,2023-10-30,0.63
1641,68,7,4,5247.4,2024-08-03,1.0
1642,98,35,3,3830.01,2023-10-31,0.42
1643,99,41,1,2486.19,2023-12-24,0.38
1644,25,8,3,1058.97,2024-08-16,0.49
1645,61,32,1,1354.9,2023-06-06,0.39
1646,6,4,2,3044.24,2023-11-15,0.78
1647,56,17,3,1563.0,2023-08-20,0.0
1648,98,30,1,1246.09,2025-05-01,0.13
1649,7,35,1,1276.67,2025-03-08,0.13
1650,4,32,3,4064.7,2023-06-06,0.83
1651,31,47,5,7632.95,2025-03-02,1.0
1652,26,48,2,1591.0,2024-08-23,0.46
1653,15,21,1,2384.77,2023-11-09,0.44
1654,26,25,1,1186.49,2023-12-23,0.52
1655,75,32,1,1354.9,2023-05-28,0.91
1656,19,14,5,11631.7,2023-06-06,0.18
1657,50,24,2,3779.18,2024-05-29,0.58
1658,25,41,5,12430.95,2024-02-19,0.84
1659,26,22,1,1193.25,2024-09-03,0.68
1660,73,4,1,1522.12,2025-03-13,0.57
1661,60,30,1,1246.09,2025-05-12,0.85
1662,44,15,3,3621.9,2023-11-03,0.0
1663,82,40,2,294.56,2024-10-02,0.74
1664,71,15,1,1207.3,2024-11-20,0.27
1665,67,32,2,2709.8,2025-04-22,0.0
1666,60,18,1,955.25,2024-02-12,0.68
1667,95,16,1,726.35,2024-05-07,0.98
1668,75,15,9,10865.7,2024-07-21,0.45
1669,74,1,8,9389.28,2024-09-03,0.83
3669,74,2,8,1491.92,2024-09-03,1.0
1670,61,47,1,1526.59,2024-11-05,0.96
1671,62,45,1,529.92,2024-09-24,1.0
3671,62,46,1,1762.72,2024-09-24,0.76
1672,72,49,1,1302.1,2024-08-02,0.53
1673,28,9,2,1334.3,2023-06-06,0.0
1674,83,6,1,670.1,2024-06-16,0.41
1675,40,11,7,7286.86,2024-07-10,0.2
1676,96,38,2,2146.4,2024-03-09,1.0
1677,60,50,4,6454.12,2025-03-25,0.44
1678,52,12,4,2818.48,2025-03-14,0.54
1679,91,41,2,4972.38,2024-01-16,0.69
1680,10,25,3,3559.47,2024-01-07,0.52
1681,38,28,4,1625.44,2023-09-28,1.0
1682,79,35,7,8936.69,2023-08-19,0.28
1683,88,6,9,6030.9,2025-01-25,0.57
1684,95,4,9,13699.08,2024-03-18,0.24
1685,87,24,1,1889.59,2023-10-06,0.04
1686,47,30,2,2492.18,2023-08-22,0.29
1687,47,12,7,4932.34,2025-04-30,0.49
1688,72,46,1,1762.72,2023-05-21,0.35
1689,43,16,1,726.35,2024-11-21,0.26
1690,62,48,9,7159.5,2024-12-12,0.01
1691,90,14,1,2326.34,2024-11-18,0.47
1692,35,33,3,3609.39,2023-09-17,0.0
3692,35,34,3,2499.18,2023-09-17,0.77
1693,45,29,4,514.44,2023-08-15,0.53
1694,16,31,6,1981.68,2024-05-01,0.0
1695,38,29,4,514.44,2025-01-05,0.39
1696,87,45,1,529.92,2024-01-31,0.24
1697,12,6,7,4690.7,2024-04-29,0.61
1698,37,5,1,1309.15,2024-12-24,0.97
3698,37,6,1,670.1,2024-12-24,0.0
1699,19,32,3,4064.7,2024-01-03,0.54
1700,67,41,1,2486.19,2025-01-31,0.44
1701,88,35,2,2553.34,2024-12-22,0.73
1702,54,29,1,128.61,2023-07-04,0.57
1703,9,2,3,559.47,2024-05-31,0.24
1704,67,42,3,366.42,2024-03-12,0.39
1705,44,42,3,366.42,2023-09-24,0.22
1706,86,45,9,4769.28,2025-03-20,0.88
1707,39,37,3,1263.51,2023-09-15,0.51
1708,40,11,2,2081.96,2024-05-05,1.0
1709,48,19,1,605.06,2024-06-17,0.48
1710,37,30,2,2492.18,2025-02-15,0.25
1711,21,46,3,5288.16,2024-06-19,0.0
1712,23,46,1,1762.72,2024-04-07,0.0
1713,15,3,3,2331.33,2023-08-05,0.0
1714,48,12,2,1409.24,2023-08-02,0.59
1715,5,43,5,3284.25,2023-11-02,0.68
1716,19,24,4,7558.36,2023-07-29,0.0
1717,21,35,1,1276.67,2024-02-11,0.81
1718,4,26,6,783.12,2023-11-17,0.33
1719,59,21,1,2384.77,2025-01-01,0.55
1720,65,22,3,3579.75,2024-09-27,1.0
1721,38,49,7,9114.7,2025-03-04,0.81
1722,94,29,4,514.44,2023-05-16,0.41
1723,94,31,1,330.28,2024-12-04,0.19
1724,40,2,5,932.45,2024-06-13,0.0
1725,29,29,2,257.22,2023-06-08,0.25
1726,8,39,2,1408.36,2024-08-03,0.43
1727,29,50,2,3227.06,2023-10-12,0.15
1728,11,35,5,6383.35,2024-12-02,0.45
1729,12,33,1,1203.13,2025-02-19,0.53
1730,78,33,2,2406.26,2024-01-14,0.42
1731,19,46,3,5288.16,2023-11-19,0.27
1732,48,1,2,2347.32,2023-12-14,0.56
1733,58,36,1,452.03,2024-11-26,0.65
1734,57,48,6,4773.0,2024-11-22,0.12
1735,37,11,6,6245.88,2024-06-23,0.99
1736,54,9,6,4002.9,2024-12-06,0.47
1737,19,14,3,6979.02,2025-04-21,0.51
1738,68,22,2,2386.5,2023-07-29,0.75
1739,76,49,1,1302.1,2024-08-19,0.58
1740,35,27,2,2346.12,2024-01-11,0.83
1741,91,37,1,421.17,2024-11-25,0.6
1742,49,19,5,3025.3,2024-06-15,0.29
1743,39,38,3,3219.6,2024-09-17,0.63
1744,95,30,1,1246.09,2024-01-07,0.1
1745,1,10,2,1235.08,2024-03-26,0.54
1746,82,41,2,4972.38,2023-10-18,0.49
1747,86,19,2,1210.12,2023-09-22,0.43
1748,89,42,1,122.14,2023-09-27,0.46
1749,98,18,7,6686.75,2023-09-02,0.0
1750,9,39,3,2112.54,2024-01-06,0.31
1751,73,28,4,1625.44,2023-09-17,0.53
1752,61,45,1,529.92,2024-05-09,0.56
1753,3,17,2,1042.0,2024-11-04,0.14
1754,19,21,7,16693.39,2025-01-21,0.94
3754,19,22,7,8352.75,2025-01-21,0.2
1755,21,4,2,3044.24,2024-06-16,0.84
1756,82,23,1,259.57,2023-08-28,0.65
1757,10,33,3,3609.39,2024-09-14,0.27
3757,10,34,3,2499.18,2024-09-14,1.0
1758,13,39,2,1408.36,2023-12-16,0.08
1759,41,44,2,4128.04,2025-04-25,0.82
1760,90,45,1,529.92,2023-09-15,0.85
1761,19,1,2,2347.32,2024-07-17,0.27
1762,63,27,5,5865.3,2023-11-26,0.99
1763,21,7,1,1311.85,2023-07-09,0.41
1764,29,13,6,13730.22,2023-09-28,0.6
1765,68,35,7,8936.69,2025-03-29,0.59
1766,15,27,7,8211.42,2024-12-10,0.45
1767,15,9,1,667.15,2024-03-21,0.78
1768,40,45,2,1059.84,2023-05-18,0.78
1769,77,34,1,833.06,2024-06-24,0.0
1770,39,2,1,186.49,2024-07-12,0.96
1771,89,10,1,617.54,2023-10-12,0.0
1772,27,9,1,667.15,2024-03-28,0.86
1773,98,8,1,352.99,2024-01-19,0.89
1774,62,49,1,1302.1,2024-03-14,0.12
3774,62,50,1,1613.53,2024-03-14,0.36
1775,85,33,1,1203.13,2024-12-08,0.11
3775,85,34,1,833.06,2024-12-08,0.42
1776,33,3,1,777.11,2024-02-21,0.39
3776,33,4,1,1522.12,2024-02-21,0.77
1777,13,8,2,705.98,2024-07-27,0.96
1778,26,12,1,704.62,2024-09-18,0.99
1779,19,48,5,3977.5,2024-08-18,0.3
1780,45,23,3,778.71,2024-01-10,0.43
1781,79,16,6,4358.1,2023-12-12,0.0
1782,13,38,1,1073.2,2024-06-25,0.22
1783,92,13,1,2288.37,2024-06-02,0.84
1784,97,35,2,2553.34,2025-02-04,1.0
1785,13,14,7,16284.38,2023-10-15,0.07
1786,61,24,2,3779.18,2024-06-13,0.29
1787,87,7,3,3935.55,2024-08-04,0.49
1788,49,28,2,812.72,2024-05-21,0.6
1789,53,8,1,352.99,2025-02-06,0.22
1790,15,34,2,1666.12,2024-05-15,0.65
1791,47,46,3,5288.16,2024-09-08,0.33
1792,6,6,3,2010.3,2023-09-14,0.49
1793,50,19,5,3025.3,2024-09-11,0.69
1794,40,44,2,4128.04,2025-03-11,0.5
1795,53,19,2,1210.12,2024-04-19,0.35
1796,9,31,2,660.56,2023-12-31,0.46
1797,63,44,1,2064.02,2025-01-19,0.47
1798,67,43,1,656.85,2024-10-21,0.37
1799,51,26,10,1305.2,2024-12-10,0.41
1800,95,11,1,1040.98,2023-12-21,1.0
1801,26,22,2,2386.5,2024-07-26,0.7
1802,52,8,3,1058.97,2023-11-24,0.4
1803,93,32,4,5419.6,2023-07-25,0.74
1804,99,38,3,3219.6,2025-05-03,0.38
1805,83,26,3,391.56,2025-01-25,0.91
1806,78,26,4,522.08,2023-06-10,0.63
1807,19,50,1,1613.53,2024-05-22,0.46
1808,33,32,2,2709.8,2024-08-30,0.66
1809,18,2,1,186.49,2024-02-26,0.0
1810,9,32,2,2709.8,2024-08-12,0.11
1811,49,39,1,704.18,2023-12-01,0.08
1812,80,40,1,147.28,2023-08-14,0.55
1813,85,49,7,9114.7,2023-08-15,1.0
1814,26,19,4,2420.24,2023-12-16,1.0
1815,34,35,4,5106.68,2023-11-22,0.72
1816,70,35,2,2553.34,2024-10-23,0.68
1817,5,28,1,406.36,2024-01-31,0.0
1818,41,25,4,4745.96,2024-11-01,0.31
1819,5,12,6,4227.72,2024-06-09,0.22
1820,100,20,2,1611.6,2023-11-19,0.28
1821,18,20,4,3223.2,2024-09-12,0.44
1822,15,37,5,2105.85,2024-06-03,0.33
1823,88,35,5,6383.35,2024-07-31,0.0
1824,72,11,1,1040.98,2025-01-10,0.76
1825,34,32,9,12194.1,2024-02-25,0.12
1826,79,44,4,8256.08,2024-02-06,0.58
1827,37,21,1,2384.77,2024-03-24,1.0
3827,37,22,1,1193.25,2024-03-24,0.18
1828,47,23,1,259.57,2024-09-12,0.0
1829,44,25,1,1186.49,2024-06-17,0.4
1830,46,27,1,1173.06,2024-12-03,0.89
1831,32,16,3,2179.05,2024-06-16,1.0
1832,76,6,2,1340.2,2024-10-28,0.07
1833,15,22,1,1193.25,2025-02-09,0.67
1834,42,3,5,3885.55,2023-06-28,0.34
1835,66,27,1,1173.06,2024-10-07,0.46
1836,61,38,2,2146.4,2025-03-30,1.0
1837,49,37,3,1263.51,2024-07-20,0.0
1838,13,32,1,1354.9,2023-09-15,0.59
1839,27,22,4,4773.0,2024-06-27,0.66
1840,98,43,2,1313.7,2023-11-30,0.88
1841,39,24,2,3779.18,2024-10-15,0.53
1842,82,5,2,2618.3,2025-01-07,0.61
3842,82,6,2,1340.2,2025-01-07,0.36
1843,39,37,6,2527.02,2024-05-10,0.59
1844,80,48,1,795.5,2024-07-06,0.38
1845,75,7,4,5247.4,2024-09-04,0.72
1846,9,37,5,2105.85,2023-11-18,0.37
1847,27,23,1,259.57,2023-11-22,0.63
1848,39,28,3,1219.08,2024-04-23,0.49
1849,54,26,4,522.08,2024-09-13,0.89
1850,59,43,2,1313.7,2025-03-05,0.48
1851,3,41,8,19889.52,2024-02-22,0.0
1852,74,32,2,2709.8,2023-06-29,0.94
1853,96,30,6,7476.54,2024-11-05,0.18
1854,69,40,6,883.68,2023-08-22,0.27
1855,94,41,1,2486.19,2023-07-31,0.29
1856,47,30,1,1246.09,2024-08-29,0.98
1857,96,44,5,10320.1,2025-04-23,0.0
1858,53,21,1,2384.77,2024-02-20,1.0
1859,35,19,1,605.06,2025-04-07,0.87
1860,77,16,3,2179.05,2023-07-01,0.58
1861,20,13,1,2288.37,2023-07-20,0.48
1862,40,30,4,4984.36,2024-11-30,0.6
1863,56,28,1,406.36,2024-07-24,0.68
1864,35,9,1,667.15,2025-04-25,0.73
1865,36,43,1,656.85,2025-05-11,0.69
1866,6,47,6,9159.54,2023-11-16,0.53
3866,6,48,6,4773.0,2023-11-16,0.43
1867,11,21,3,7154.31,2025-04-28,0.45
3867,11,22,3,3579.75,2025-04-28,0.43
1868,53,24,1,1889.59,2023-09-12,0.9
1869,93,9,1,667.15,2023-11-28,0.71
1870,95,33,1,1203.13,2024-03-08,0.0
1871,100,34,3,2499.18,2025-03-25,0.73
1872,12,16,2,1452.7,2023-11-21,0.57
1873,41,22,7,8352.75,2023-07-22,0.49
1874,96,48,4,3182.0,2024-10-23,0.36
1875,28,10,1,617.54,2024-09-25,0.89
1876,36,29,2,257.22,2024-05-01,0.83
1877,76,4,4,6088.48,2025-01-15,0.23
1878,90,8,3,1058.97,2023-09-25,0.64
1879,61,44,4,8256.08,2025-04-21,0.16
1880,19,24,5,9447.95,2023-08-27,0.02
1881,40,2,1,186.49,2024-05-03,0.28
1882,95,43,1,656.85,2024-04-17,0.8
1883,86,16,3,2179.05,2023-10-11,0.83
1884,40,41,6,14917.14,2025-04-19,0.68
1885,88,8,8,2823.92,2024-04-01,0.75
1886,57,25,2,2372.98,2024-10-20,0.68
1887,51,17,1,521.0,2023-07-11,0.28
1888,97,16,2,1452.7,2023-09-05,0.65
1889,21,29,5,643.05,2024-07-11,0.78
1890,99,42,6,732.84,2023-09-23,0.76
1891,36,6,4,2680.4,2023-08-08,0.92
1892,53,22,6,7159.5,2023-09-12,0.75
1893,13,11,3,3122.94,2025-03-01,0.62
1894,46,27,6,7038.36,2023-06-16,0.87
1895,71,48,3,2386.5,2024-04-20,0.49
1896,4,49,1,1302.1,2023-11-24,0.19
3896,4,50,1,1613.53,2023-11-24,0.44
1897,57,42,1,122.14,2024-02-16,0.24
1898,26,41,2,4972.38,2024-06-02,0.26
1899,11,8,1,352.99,2024-09-04,0.45
1900,92,50,3,4840.59,2025-01-19,0.22
1901,88,27,3,3519.18,2024-05-25,0.39
1902,95,9,1,667.15,2025-03-12,0.0
1903,76,21,2,4769.54,2024-04-23,0.57
1904,24,26,8,1044.16,2024-12-27,0.5
1905,74,15,2,2414.6,2023-08-26,0.21
1906,72,42,6,732.84,2025-02-10,0.73
1907,12,30,1,1246.09,2025-03-29,0.83
1908,22,4,5,7610.6,2023-09-18,0.0
1909,77,17,1,521.0,2023-11-12,0.23
1910,48,11,2,2081.96,2024-01-13,0.23
1911,92,34,5,4165.3,2023-06-16,0.17
1912,59,44,1,2064.02,2024-10-16,0.79
1913,92,14,3,6979.02,2024-02-12,0.43
1914,35,19,3,1815.18,2025-04-19,0.41
1915,56,14,3,6979.02,2024-03-09,0.0
1916,37,47,2,3053.18,2024-06-06,0.72
1917,19,2,5,932.45,2023-10-09,0.07
1918,31,40,7,1030.96,2024-06-15,0.52
1919,48,38,1,1073.2,2025-04-13,0.6
1920,61,9,5,3335.75,2023-08-15,0.98
1921,51,44,3,6192.06,2023-10-12,0.04
1922,91,28,3,1219.08,2024-11-10,0.0
1923,13,36,1,452.03,2024-04-02,0.56
1924,31,31,6,1981.68,2025-01-07,1.0
1925,77,46,1,1762.72,2024-05-15,0.93
1926,65,40,3,441.84,2023-05-15,0.57
1927,51,43,1,656.85,2024-08-14,0.33
1928,72,3,2,1554.22,2025-01-28,0.78
3928,72,4,2,3044.24,2025-01-28,0.16
1929,64,22,1,1193.25,2025-04-14,0.67
1930,41,46,5,8813.6,2023-07-15,0.68
1931,34,8,1,352.99,2024-11-28,0.87
1932,17,32,4,5419.6,2025-01-12,1.0
1933,56,19,4,2420.24,2024-04-13,0.64
1934,98,17,3,1563.0,2025-04-17,0.32
1935,22,21,6,14308.62,2024-07-29,0.49
3935,22,22,6,7159.5,2024-07-29,0.0
1936,85,41,1,2486.19,2024-12-20,0.26
1937,20,4,1,1522.12,2024-08-19,0.36
1938,61,17,3,1563.0,2025-04-27,0.32
1939,56,8,1,352.99,2024-09-19,0.55
1940,46,46,5,8813.6,2025-01-13,0.21
1941,64,8,1,352.99,2024-05-25,0.89
1942,12,14,2,4652.68,2023-08-24,0.5
1943,22,48,7,5568.5,2023-09-12,0.5
1944,73,43,2,1313.7,2024-10-26,0.39
1945,1,34,2,1666.12,2025-02-08,0.55
1946,10,16,5,3631.75,2024-10-20,0.79
1947,43,2,4,745.96,2024-03-16,0.2
1948,88,8,3,1058.97,2024-02-28,0.27
1949,14,21,1,2384.77,2025-04-24,0.39
1950,91,43,4,2627.4,2024-08-28,0.03
1951,35,39,1,704.18,2024-08-02,0.21
1952,6,42,9,1099.26,2024-06-01,0.33
1953,42,47,3,4579.77,2023-08-14,0.81
1954,83,19,5,3025.3,2024-05-28,0.59
1955,96,5,9,11782.35,2024-05-27,0.57
1956,52,17,1,521.0,2023-05-23,0.8
1957,99,26,1,130.52,2024-02-03,0.45
1958,27,11,6,6245.88,2023-12-23,0.64
1959,37,42,1,122.14,2025-03-29,0.46
1960,63,28,5,2031.8,2024-07-08,0.59
1961,78,9,4,2668.6,2023-09-16,0.3
1962,48,33,2,2406.26,2023-06-10,0.0
1963,61,18,6,5731.5,2025-01-29,0.45
1964,12,49,6,7812.6,2023-10-17,1.0
1965,56,41,2,4972.38,2023-12-13,0.82
1966,66,22,5,5966.25,2024-04-21,0.84
1967,83,44,4,8256.08,2024-10-09,0.93
1968,68,41,1,2486.19,2024-06-14,0.53
1969,60,28,2,812.72,2024-10-28,0.57
1970,62,20,4,3223.2,2024-08-10,0.28
1971,88,20,2,1611.6,2025-05-04,0.39
1972,38,37,1,421.17,2025-03-06,0.72
1973,6,33,1,1203.13,2024-10-26,0.92
1974,60,43,7,4597.95,2023-10-14,0.45
1975,46,17,2,1042.0,2023-07-29,0.34
1976,65,2,1,186.49,2023-12-29,0.5
1977,60,12,3,2113.86,2024-07-08,0.71
1978,6,6,6,4020.6,2024-03-14,0.0
1979,39,21,7,16693.39,2024-06-28,0.0
1980,58,40,2,294.56,2023-07-19,0.31
1981,24,14,1,2326.34,2024-01-11,0.07
1982,78,17,1,521.0,2025-04-30,0.32
1983,3,1,2,2347.32,2023-07-17,0.45
3983,3,2,2,372.98,2023-07-17,0.34
1984,62,30,6,7476.54,2024-01-05,1.0
1985,96,39,3,2112.54,2023-12-31,0.61
1986,79,24,6,11337.54,2024-11-05,0.61
1987,12,9,1,667.15,2024-12-04,0.72
1988,15,2,3,559.47,2025-02-24,0.1
1989,27,31,2,660.56,2024-01-08,0.86
1990,81,35,1,1276.67,2024-06-24,0.47
1991,99,30,2,2492.18,2023-05-22,0.73
1992,3,8,3,1058.97,2024-03-14,0.12
1993,95,45,7,3709.44,2024-03-27,0.0
1994,58,38,1,1073.2,2024-04-30,0.79
1995,73,26,1,130.52,2024-12-22,0.63
1996,14,41,6,14917.14,2023-06-13,0.18
1997,64,48,6,4773.0,2025-01-12,0.2
1998,71,19,1,605.06,2023-11-22,0.89
1999,63,33,6,7218.78,2023-06-15,0.08
2000,63,15,1,1207.3,2024-01-03,1.0
